customer_id,customer_name,email,registration_date,customer_type
1,Danielle Adams,raymondyoung@example.net,2023-08-02 06:54:10,REGULAR
2,Jessica Turner,maria62@example.net,2026-02-25 13:33:56,REGULAR
3,Brandon Odonnell,brian16@example.net,2025-04-28 02:58:28,VIP
4,Amy Williams,pricestacey@example.com,2025-06-05 23:25:41,VIP
5,Jennifer George,christiankelly@example.com,2024-03-03 22:24:39,REGULAR
6,Dr. Lindsay Henry,gary44@example.net,2024-08-05 11:37:05,REGULAR
7,Stephanie Harrell,braynatasha@example.org,2024-01-07 01:40:44,REGULAR
8,Ian Serrano,cthomas@example.com,2023-11-02 14:58:09,VIP
9,Tammy Bryant,dustindiaz@example.net,2026-02-25 21:30:10,REGULAR
10,Alexandra Johnson,samantha49@example.com,2026-02-13 15:30:40,VIP
11,Lori Wilson,dawnjones@example.com,2026-05-10 19:56:13,REGULAR
12,Gregory Scott,stephanie70@example.net,2025-05-10 02:36:15,PREMIUM
13,Lori Peterson,casekarl@example.org,2024-10-18 12:40:58,REGULAR
14,Jennifer Powers,vevans@example.net,2023-12-05 18:22:09,REGULAR
15,Mary Snyder,fisherrachel@example.com,2025-02-07 10:57:32,PREMIUM
16,John Donovan,katherinemcdowell@example.net,2026-01-25 04:06:06,REGULAR
17,Tommy Adams,zcochran@example.net,2025-12-18 03:24:55,PREMIUM
18,David Murray,wcain@example.net,2025-12-24 23:03:34,PREMIUM
19,David Shepherd,mramos@example.net,2024-05-02 08:48:10,PREMIUM
20,Sue Mason,robertmoody@example.com,2026-07-09 19:42:00,REGULAR
21,Antonio Allen,robertspatricia@example.org,2024-11-24 19:24:32,VIP
22,Dr. Joshua Stephenson,ethan45@example.com,2026-04-23 14:49:37,PREMIUM
23,Gavin Barnett,lcook@example.org,2025-12-16 05:24:05,PREMIUM
24,Douglas Palmer,kaylagomez@example.net,2024-04-29 11:23:26,VIP
25,Tristan Larsen,millermatthew@example.net,2024-01-05 07:29:05,PREMIUM
26,Todd Young,mccoyronald@example.net,2023-10-31 23:46:13,VIP
27,Veronica Owens,kennethwhite@example.com,2024-03-18 14:21:14,VIP
28,Matthew Conley,ewebb@example.net,2026-03-02 07:16:45,PREMIUM
29,Christopher Dunlap,sdiaz@example.org,2026-06-16 13:37:18,REGULAR
30,Amber Cameron,etrujillo@example.org,2025-10-12 18:24:44,PREMIUM
31,Renee Huang,amber16@example.com,2026-02-04 01:17:41,VIP
32,Shannon Knight,gwest@example.org,2025-04-07 09:45:56,REGULAR
33,James Barton,leslie68@example.org,2026-05-25 17:56:34,REGULAR
34,James Bailey,clopez@example.net,2024-10-11 16:34:08,VIP
35,Margaret Hatfield,hannah55@example.com,2025-12-26 19:26:03,VIP
36,Angela Kim,timothy04@example.com,2024-04-01 14:14:28,VIP
37,Trevor Anderson,petersullivan@example.net,2026-03-18 22:43:37,VIP
38,Steven Davis,james18@example.com,2023-10-11 22:58:45,PREMIUM
39,Kelly Yates,richard29@example.net,2024-11-16 07:00:34,VIP
40,Emily Reilly,jacksonbryan@example.com,2024-07-09 13:42:04,REGULAR
41,Ashley Hebert,reedjoshua@example.com,2025-09-27 04:10:48,REGULAR
42,Dawn Ford,blackjacob@example.net,2025-07-10 19:47:12,REGULAR
43,Sherri Robertson,xmunoz@example.com,2024-12-10 09:06:58,PREMIUM
44,Kaitlyn Rodriguez,gabrielleramos@example.com,2025-11-01 01:15:24,REGULAR
45,Timothy Duran,lisa08@example.org,2026-06-24 10:03:34,VIP
46,Garrett Jimenez,jdonovan@example.com,2025-02-14 01:49:42,PREMIUM
47,Philip Robinson,deanna05@example.org,2025-05-12 07:50:21,PREMIUM
48,Kenneth Gibson,candice52@example.net,2024-01-06 08:14:21,VIP
49,Sherri Greene,douglas74@example.com,2025-01-23 10:29:00,PREMIUM
50,Nicole Dorsey,danielbanks@example.org,2023-12-19 20:41:43,VIP
51,Andrea Howell,gabrielleswanson@example.net,2024-07-21 00:12:45,PREMIUM
52,Mark Williams,burnettcarla@example.org,2024-12-26 04:41:47,PREMIUM
53,Natalie Mullins,henrycurry@example.com,2025-06-06 10:59:48,PREMIUM
54,Gabriela Williams,jennifernelson@example.org,2024-07-13 10:10:55,REGULAR
55,Donald Santiago,grace27@example.com,2024-06-11 08:12:20,REGULAR
56,Robert Barron,michaelgarcia@example.org,2025-10-12 13:08:16,REGULAR
57,Edward Davis,brittanylee@example.net,2023-10-15 22:26:37,REGULAR
58,Ashley Davies,tonyabaker@example.net,2025-08-23 00:28:11,PREMIUM
59,Richard Wallace,heather11@example.com,2025-06-11 04:21:01,PREMIUM
60,Michael Hoffman,stephanie37@example.net,2023-07-29 01:17:50,PREMIUM
61,Aaron Watkins,ashley52@example.net,2024-07-04 18:25:48,VIP
62,Jeffrey Miller,michaelmatthews@example.org,2024-09-03 14:13:29,REGULAR
63,Angela Jackson,imartin@example.net,2025-03-14 01:23:06,REGULAR
64,James Newton,hernandezbrandi@example.com,2026-07-08 10:23:30,VIP
65,Margaret Kirby,cwalsh@example.org,2025-09-28 17:15:36,VIP
66,Jose Phillips,michaelramirez@example.net,2025-03-15 20:28:14,PREMIUM
67,Jerry Thornton,shannon41@example.net,2026-05-20 17:30:06,PREMIUM
68,Kim Thomas,dgreen@@example.org,2024-07-22 02:43:36,VIP
69,Virginia Peterson,john95@example.net,2025-05-11 12:02:30,VIP
70,Jeffrey Osborne,justinshepard@example.com,2026-06-08 22:12:31,VIP
71,Amy Lopez,taylorariana@example.org,2025-08-27 10:23:15,VIP
72,Christina Esparza,ffrost@example.org,2024-07-11 03:39:29,VIP
73,Philip Shaw,markmelendez@example.net,2023-10-12 06:28:21,REGULAR
74,Ryan Waters,greenanna@example.org,2026-03-02 18:38:43,REGULAR
75,Juan Thompson,vrose@example.com,2025-01-20 20:30:54,VIP
76,Brittany Vaughn,cooperroger@example.com,2024-08-06 15:17:03,VIP
77,Jeanne Sparks,smithjoan@example.org,2024-04-05 18:54:37,REGULAR
78,Cindy Anderson,hilllindsay@example.com,2025-02-01 16:14:03,PREMIUM
79,Mary Thompson,xpace@example.com,2024-10-26 06:40:37,PREMIUM
80,Aaron Johnson,tlogan@example.org,2025-02-06 17:33:22,REGULAR
81,Lauren Smith,oscar24@example.net,2025-12-02 23:55:06,REGULAR
82,Jennifer Kaufman,robinsonnicholas@example.net,2024-03-25 08:05:49,PREMIUM
83,Tanya Tate,ctran@example.com,2024-08-13 12:14:45,VIP
84,Emily Powers,downslaura@example.net,2024-09-19 15:29:04,REGULAR
85,Jordan Horne,newmanrebecca@example.com,2025-08-25 03:57:35,VIP
86,Daniel Jones,robertperez@example.net,2026-06-27 18:57:37,VIP
87,Lauren Marshall,charlessavage@example.com,2024-05-14 18:06:54,PREMIUM
88,Deborah Cortez,emmamartinez@example.org,2025-06-21 12:08:39,VIP
89,Joseph Arnold,david18@example.org,2024-02-20 10:46:42,VIP
90,Michael Smith,chadmelton@example.com,2024-07-04 21:46:11,PREMIUM
91,Linda Brown,michaelsmith@example.net,2024-10-29 07:46:28,VIP
92,Brittany Dixon,yallen@example.org,2024-03-27 22:50:24,PREMIUM
93,Mark Martinez,jennifer22@example.net,2024-11-20 12:40:49,PREMIUM
94,Jose Doyle,michaelweaver@example.org,2025-08-05 19:23:01,REGULAR
95,Gerald Martinez,williamdavis@example.org,2026-04-11 07:50:52,REGULAR
96,Sierra Davis,larsoncaitlin@example.org,2025-12-18 06:01:11,REGULAR
97,Cynthia Wright,briangarcia@example.com,2026-04-24 08:33:19,REGULAR
98,Tiffany Potts,shelby37@example.net,2024-08-02 12:26:04,VIP
99,Brandon Smith,zayala@example.com,2025-05-07 21:10:21,REGULAR
100,Gerald Bryant,tduke@example.org,2024-07-05 21:27:48,PREMIUM
101,Shane Hudson,christopher83@example.org,2024-09-20 20:43:47,REGULAR
102,Dr. Stephanie Smith,charles26@example.org,2024-07-08 22:00:05,PREMIUM
103,Anna Reyes,ksimpson@example.net,2024-03-31 02:57:37,REGULAR
104,Jessica Irwin,fergusonangel@example.com,2025-10-09 12:40:09,VIP
105,Amy Evans,wilkinsonalexis@example.net,2025-06-01 13:48:35,REGULAR
106,Stephanie Harvey,brooke13@example.net,2023-12-12 17:56:47,PREMIUM
107,Patrick Bowman,edwinsalas@example.net,2025-03-10 23:07:15,REGULAR
108,Stacey Pierce,kevinlee@example.net,2026-06-21 13:29:41,PREMIUM
109,Michael Brown,markpalmer@example.org,2024-09-15 04:41:55,PREMIUM
110,Dr. Melissa Carter,carla70@example.org,2025-07-23 22:13:18,REGULAR
111,Ryan Cooper,zgreene@example.com,2025-03-15 00:58:08,VIP
112,Maria Harris,mercercheryl@example.net,2026-05-19 05:49:45,PREMIUM
113,Mark Jordan,hellison@example.org,2025-12-24 17:44:25,REGULAR
114,Patrick Merritt,kylemoore@example.net,2024-01-08 09:42:06,REGULAR
115,Chad Thomas,hortega@example.net,2025-03-09 14:21:00,REGULAR
116,Mr. Connor Walton,karina80@example.net,2025-05-01 23:12:12,PREMIUM
117,Devin Rodriguez,hmiller@example.com,2025-03-22 09:18:47,REGULAR
118,Heidi Haynes,kathy22@example.org,2025-08-26 22:53:57,VIP
119,Mike Oneal,xortiz@example.org,2024-09-03 06:10:48,VIP
120,Tiffany Mcneil,richcassandra@example.net,2023-07-25 01:45:38,REGULAR
121,Curtis Campbell,tiffany76@example.com,2025-05-25 02:53:48,REGULAR
122,Lisa Galvan,mary18@example.com,2025-04-24 13:50:25,PREMIUM
123,Amy Hansen,melanie96@example.org,2024-03-06 20:21:49,PREMIUM
124,Daniel Welch,phillipsmark@example.org,2024-01-26 19:33:03,REGULAR
125,Jonathan Palmer,ryan99@example.com,2023-09-22 20:03:27,PREMIUM
126,Gina Bradley,johnsonthomas@example.org,2024-07-17 19:26:22,PREMIUM
127,Elizabeth Anderson,ggarner@example.com,2023-10-07 00:49:51,VIP
128,Mrs. Emily Yang,ktaylor@example.org,2024-05-13 16:16:38,VIP
129,Mariah Greer,joshuathomas@example.net,2025-05-19 11:08:03,PREMIUM
130,Jeffrey Lopez,hallalicia@example.org,2024-03-24 16:20:20,PREMIUM
131,Travis Campbell,tlewis@example.net,2026-01-04 02:52:04,REGULAR
132,Katie Huffman,pbradley@example.com,2024-11-14 06:20:42,VIP
133,Mark Smith,luishunter@example.net,2026-01-28 18:02:28,PREMIUM
134,Caitlyn Taylor,campbellgregory@example.net,2023-09-10 05:51:58,VIP
135,Darren Rose,iburch@example.com,2025-07-25 08:38:56,VIP
136,Michelle Lee,zholloway@example.org,2025-01-26 09:30:08,VIP
137,Eric Hayes,mcfarlandcrystal@example.org,2024-03-15 04:53:13,REGULAR
138,Debra Day,lnelson@example.org,2024-10-02 21:27:22,REGULAR
139,Harry Graham,gnewman@example.com,2024-12-27 13:37:46,REGULAR
140,Teresa Ashley,hubbardkaren@example.net,2025-11-22 20:53:51,VIP
141,James Briggs,blakejimenez@example.net,2025-01-05 08:35:30,VIP
142,Alicia Gonzalez,anthony72@example.net,2024-09-12 17:07:59,REGULAR
143,Reginald Moreno,frostdavid@example.net,2026-07-05 10:30:54,VIP
144,Kelly Williams,nicholasmeyer@example.com,2024-05-25 13:09:33,PREMIUM
145,Theresa Mitchell,drewhayes@example.org,2024-06-11 03:49:57,REGULAR
146,John Burns,jennifer26@example.org,2026-05-03 16:46:28,PREMIUM
147,Jeff Mosley,coxalan@example.net,2026-02-21 05:59:46,PREMIUM
148,Robert Russell,dyereric@example.com,2025-04-04 15:31:29,VIP
149,Lisa Williams,costacourtney@example.org,2024-02-29 04:24:33,PREMIUM
150,James Davis,cflores@example.net,2025-06-01 12:32:59,REGULAR
151,Tammy Alvarez,whumphrey@@example.com,2026-02-27 11:31:02,VIP
152,Mathew Frazier,olivernicole@example.net,2024-01-19 14:54:29,REGULAR
153,Brandy Brown,jeffrey87@example.net,2025-05-28 19:59:48,VIP
154,Justin Alexander,andrea45@example.com,2023-12-27 04:23:58,PREMIUM
155,John Kane PhD,qgreen@example.com,2025-08-07 01:28:40,REGULAR
156,Patty Arnold,michele77@example.com,2025-06-06 10:29:31,REGULAR
157,Stephanie Watkins,kaylaperkins@example.net,2025-01-11 18:07:59,VIP
158,Cody Moyer,williamblack@example.com,2025-01-29 17:21:33,VIP
159,Michael Velez,rothjill@example.com,2026-04-28 09:41:24,VIP
160,Susan Evans,fgarcia@example.com,2025-11-16 16:32:46,VIP
161,Julia Williams,larryhale@example.org,2025-12-27 23:14:18,PREMIUM
162,Stephanie Simon,pturner@example.net,2023-08-15 14:58:45,REGULAR
163,Jennifer Jackson,jbray@example.net,2023-10-25 09:28:30,REGULAR
164,Dr. Joseph Waters,jason41@example.net,2025-06-18 15:28:57,REGULAR
165,Kelly Vazquez,guerrerostephanie@example.org,2025-01-30 07:19:52,REGULAR
166,James West,robertsonscott@example.org,2026-05-31 17:22:40,VIP
167,Donald Robinson,mercedes60@example.com,2025-05-28 09:19:33,PREMIUM
168,Leslie Compton,ygarza@example.org,2025-03-21 09:38:02,VIP
169,Kevin Forbes,barnettjeffrey@example.com,2023-08-22 17:14:58,VIP
170,Donald Martin,ppaul@example.com,2025-01-18 02:37:16,REGULAR
171,Marilyn Tapia,fberg@example.net,2025-09-27 06:41:44,PREMIUM
172,Jeffrey Haas,jacksonjeffrey@example.org,2024-01-08 09:10:36,REGULAR
173,Tabitha Vega,bautistaconnieexample.com,2023-12-11 05:50:54,VIP
174,John Reed,kellerjorge@example.com,2025-10-26 20:03:56,REGULAR
175,Kyle Elliott,nelsonabigail@example.com,2024-05-05 20:01:09,VIP
176,Carmen Smith,iballard@example.com,2025-03-26 20:17:12,VIP
177,Kayla Rosario,catherine96example.com,2024-12-30 20:50:05,VIP
178,Christopher Harrison,vstevens@example.net,2023-07-14 18:22:46,VIP
179,Craig Brown,baileyelizabeth@example.net,2026-06-23 11:59:39,PREMIUM
180,Morgan Jones,belljulia@example.com,2025-09-27 04:09:00,REGULAR
181,Vicki Yu,michael58@example.com,2024-04-21 14:53:41,REGULAR
182,Marcus Hill,joseph90@example.net,2025-07-11 06:10:46,REGULAR
183,Nathaniel Davis,cindy33@example.com,2026-05-10 21:59:22,REGULAR
184,Michael Ford,jesse99@example.org,2023-12-03 12:54:47,VIP
185,Jonathan Gallegos,turnerdonna@example.net,2025-06-12 09:07:18,VIP
186,Candace Alexander,towen@example.com,2025-11-21 22:40:25,PREMIUM
187,Donna Robinson,wwoods@example.org,2024-10-03 06:19:32,VIP
188,Autumn Martinez,raymond98@example.net,2025-11-28 13:49:50,REGULAR
189,Jonathan Buck,rangelkeith@example.com,2024-07-17 18:14:31,REGULAR
190,Kathy Beasley,patriciajones@example.net,2024-03-18 07:34:27,REGULAR
191,Michele Mcdaniel,johnblevins@example.com,2025-06-15 08:07:33,PREMIUM
192,Jeremiah Moore,tcollins@example.org,2024-10-12 22:13:34,PREMIUM
193,Kimberly Anderson,fergusonryan@example.com,2025-09-08 14:18:44,VIP
194,Gregory Herrera,molinatimothy@example.com,2025-01-10 04:43:28,PREMIUM
195,Katherine Poole,davidmindy@example.net,2025-07-18 15:05:44,VIP
196,Cody Reed,hrobbins@example.net,2024-04-16 20:03:00,REGULAR
197,Michelle Aguirre,williamwalker@example.org,2024-09-22 11:50:19,REGULAR
198,Erica Diaz,cwarner@example.org,2026-01-22 02:07:42,PREMIUM
199,Roberta Brock,whardin@example.net,2026-06-17 21:55:23,REGULAR
200,Kristine Gutierrez,morganperez@example.net,2024-05-14 06:18:04,VIP
201,Jacqueline Mckee,tcline@example.com,2025-02-01 23:21:25,PREMIUM
202,Pamela Bond,bentoncarlos@example.net,2024-07-21 18:18:55,REGULAR
203,Jenna Noble,kennethholland@example.net,2025-09-19 17:36:38,PREMIUM
204,Luis Davis,burkechristopher@example.com,2024-12-07 22:21:37,VIP
205,Mark Mcgee,eddiemorrow@example.com,2023-12-29 18:45:20,VIP
206,Carrie Cunningham,tiffanysimmons@example.org,2023-12-13 13:15:10,REGULAR
207,Candice Alvarado,kimcampbell@example.net,2024-06-09 23:48:37,PREMIUM
208,Scott Williams,crodgers@example.net,2024-03-21 15:07:52,PREMIUM
209,William Clark,gina60@example.net,2024-06-19 11:18:47,VIP
210,Joy Ferguson,kirbyjohnny@example.com,2025-12-30 06:03:19,VIP
211,Christina Cross,aaron07@example.org,2025-12-05 07:10:16,PREMIUM
212,Mr. Matthew Kelly DDS,jaime17@example.org,2025-04-09 03:32:26,VIP
213,Lisa Brown,lthompson@example.com,2026-05-11 18:10:06,VIP
214,Robin Jones,susan63@example.com,2024-08-12 15:57:41,REGULAR
215,Claudia Hoffman,rebecca34@example.org,2024-07-20 05:15:01,REGULAR
216,Kelly Hayes,johnny09@example.org,2026-01-26 12:54:02,VIP
217,Mark Williams,jasminethomas@example.org,2026-05-15 00:50:02,VIP
218,Michael Jones,kanejoshua@example.net,2026-01-13 07:26:42,REGULAR
219,Debra Lopez,petersonandrew@example.com,2025-02-18 17:44:28,REGULAR
220,Thomas Allen,robinsonsteven@example.com,2025-11-06 08:05:43,PREMIUM
221,James Collins,clementslauren@example.com,2023-10-14 23:12:53,VIP
222,Franklin Wolfe,crystal97@example.net,2025-05-22 14:04:10,VIP
223,Nancy Long,wheelermichael@example.org,2025-09-19 16:21:09,VIP
224,Martin Dawson,lisa47@example.org,2024-11-13 21:05:28,PREMIUM
225,Jason Oliver,stephaniejohnson@example.net,2025-01-18 06:21:48,VIP
226,Morgan House,wolfehenry@example.org,2026-04-11 16:13:14,REGULAR
227,Robert Cook,qallen@example.org,2023-10-14 13:36:02,VIP
228,Denise Little,portermegan@example.com,2026-04-11 03:18:41,VIP
229,Katie Smith,james21@example.net,2025-08-23 09:58:36,REGULAR
230,Zachary Carpenter,feliciagarrett@example.com,2026-04-02 18:44:58,PREMIUM
231,Jessica Sanders DVM,morrisonjane@example.com,2025-01-18 22:33:02,REGULAR
232,Patricia Evans,sanchezbilly@example.org,2024-09-14 18:17:11,REGULAR
233,James Allen,rbutler@example.net,2026-07-07 11:04:43,VIP
234,Alexandra Schneider,olewis@example.com,2023-08-06 15:59:29,PREMIUM
235,Richard Webb,oboyd@example.com,2026-02-03 07:34:08,PREMIUM
236,Karen Cain,nstanley@example.org,2025-09-14 15:59:22,VIP
237,Mark Park,cruzvictor@example.org,2025-02-12 07:42:13,VIP
238,Jonathan Moreno,crystal47@example.com,2024-12-06 22:49:45,REGULAR
239,Elizabeth Phillips,kmartin@example.com,2025-01-24 23:13:21,VIP
240,Mary Cox,castrokim@example.com,2025-05-03 05:02:10,PREMIUM
241,Mary Mayo,nathanielcook@example.com,2026-03-03 17:40:32,REGULAR
242,Rebecca Martin,kennedymario@example.com,2025-09-15 04:17:41,REGULAR
243,Thomas Gordon,james54@example.org,2025-09-11 00:08:23,REGULAR
244,Mr. Andres Hunter MD,mburns@example.net,2023-11-02 08:42:29,REGULAR
245,John Sherman,patriciamiddleton@example.net,2023-11-11 18:44:04,VIP
246,Nicholas Hicks,tanderson@example.com,2024-03-19 22:31:46,REGULAR
247,Jennifer Reed,sharding@example.net,2024-07-27 11:06:40,VIP
248,Matthew Macdonald,frostjoshua@example.com,2024-12-27 13:04:09,VIP
249,Michael Snyder,xthompson@example.org,2025-04-27 12:03:34,PREMIUM
250,Michael Anthony,washingtonkenneth@example.com,2024-11-28 08:16:09,REGULAR
251,Crystal Hall,jennifersimmons@example.org,2025-02-20 16:09:46,REGULAR
252,Heidi Bailey,hsanchez@example.org,2024-05-02 00:01:05,REGULAR
253,Terry Rios,jacobtrujillo@example.org,2026-04-07 13:29:21,REGULAR
254,Trevor Smith,vanessa89@example.org,2023-08-14 23:42:51,VIP
255,April Richardson,crystal45@example.net,2026-05-12 06:35:36,REGULAR
256,Elizabeth Davis,nwhite@example.net,2026-05-22 21:17:45,REGULAR
257,Sharon Martinez,zbarr@example.org,2025-01-23 22:19:52,PREMIUM
258,Katherine Martinez,sean77@example.org,2024-06-21 16:56:11,VIP
259,Jeffrey Medina,rsalinas@example.com,2023-08-29 21:35:01,PREMIUM
260,David Reeves,hurleymichele@example.net,2025-08-04 03:54:12,VIP
261,Michelle Wilson,manueltaylor@example.net,2024-11-22 13:27:52,PREMIUM
262,Leslie Daniels,paynecarlos@example.org,2026-06-26 07:17:32,VIP
263,Michael Moore,hurleytiffany@example.net,2023-12-04 09:33:59,REGULAR
264,Daniel Smith,nicholasandrade@example.org,2025-11-17 16:57:05,PREMIUM
265,Randall Davis,davidyang@example.com,2023-09-11 12:45:41,REGULAR
266,David Lopez,fsmith@example.net,2024-10-31 10:24:26,PREMIUM
267,Stephanie Rodriguez,petersontodd@example.net,2023-12-18 04:09:52,VIP
268,Arthur Lee,bryanbrittany@example.net,2025-08-04 19:06:12,REGULAR
269,Megan Crosby,jerry17@example.net,2026-01-12 02:56:45,REGULAR
270,Brian Wilson,avilarebecca@example.org,2026-01-17 18:16:51,REGULAR
271,Jerry Zamora,karen95@example.org,2025-12-23 05:43:58,PREMIUM
272,Denise English,greenejason@example.com,2024-06-09 00:33:07,REGULAR
273,Glenn Rogers,meredith12@example.com,2024-05-16 02:28:26,REGULAR
274,Danielle Hernandez,jessica10@example.com,2025-04-22 10:06:46,REGULAR
275,Laura Gomez,williamsryan@example.net,2025-07-31 21:40:32,REGULAR
276,Alan Hill,adriennejackson@example.net,2024-01-07 11:42:03,PREMIUM
277,Peter Williams,msmith@example.com,2025-03-30 10:01:49,PREMIUM
278,Susan Brown,cortezmartha@example.net,2024-07-02 11:34:14,PREMIUM
279,Ian Johnson,npatterson@example.net,2026-04-15 07:11:05,VIP
280,Daniel Davenport,timothy28@example.org,2023-10-24 15:48:08,REGULAR
281,Russell Norris,vgrant@example.com,2024-06-03 16:33:21,VIP
282,Paula Griffith,ashley80@example.net,2024-10-04 04:06:26,REGULAR
283,Amanda Stevenson,dannyhardy@example.com,2024-12-18 18:00:51,PREMIUM
284,Helen Harris,mbyrd@example.net,2024-01-31 21:14:26,PREMIUM
285,Jane Ali,kevin22@example.org,2023-12-08 21:58:07,VIP
286,Megan Howell,jasonmeyer@example.com,2024-10-20 18:52:21,VIP
287,Joseph Kelly,hherman@example.net,2026-04-23 23:30:44,PREMIUM
288,David Dorsey,lmitchell@example.com,2025-06-03 07:27:07,PREMIUM
289,Scott Jordan,stephaniejimenez@example.com,2025-11-01 21:21:09,PREMIUM
290,Garrett Price,mark50@example.net,2024-11-16 10:20:55,VIP
291,Gary Carey DDS,angela19@example.org,2026-05-21 20:06:46,VIP
292,Shawn Maynard,sbrown@example.com,2023-12-18 04:20:37,PREMIUM
293,Jay Harris,jasmine66@example.net,2023-10-05 22:48:10,VIP
294,Cynthia Mueller,pauljamie@example.net,2023-11-20 11:48:06,PREMIUM
295,Anthony Johnson,millerellen@example.net,2025-12-28 07:45:52,VIP
296,Patricia Mullins,madisongreene@example.net,2024-08-26 13:37:26,VIP
297,Gregory Vasquez,tinaward@example.org,2026-03-27 01:22:07,PREMIUM
298,Shannon Mendoza,derek17@example.com,2024-11-25 22:55:59,PREMIUM
299,Matthew James,jennifer13@example.com,2026-06-09 06:16:19,REGULAR
300,Melanie Patel,jessicadean@example.com,2026-07-05 10:29:03,PREMIUM
301,Courtney Webb,johnsontonya@example.org,2025-05-20 07:57:11,PREMIUM
302,Lisa Hill MD,yvonne73@example.org,2026-06-08 21:44:08,PREMIUM
303,Emily Dawson,robinsonspencer@example.com,2026-05-18 02:04:51,REGULAR
304,Robert Ross,dtaylor@example.com,2024-09-12 06:19:48,VIP
305,Richard Owens,bstrong@example.org,2026-03-25 09:35:50,PREMIUM
306,Haley Wright MD,jlove@example.net,2023-10-13 08:43:49,REGULAR
307,Carolyn Stephenson,opetersen@example.net,2025-01-28 22:29:10,VIP
308,Matthew Murphy,hilljill@example.net,2024-06-27 08:18:45,REGULAR
309,Michelle Lane,sheltonrichard@example.org,2026-06-30 16:01:45,REGULAR
310,Brittany Evans,williammoreno@example.com,2024-11-19 23:19:51,VIP
311,Victoria Brooks,ghess@example.net,2025-06-26 20:56:58,REGULAR
312,Diana Zamora DVM,julie46@example.com,2025-08-24 06:54:49,REGULAR
313,Brandy Rodriguez,sherri12@example.net,2023-07-13 21:35:47,REGULAR
314,Robert Friedman,samanthaayala@example.net,2025-01-10 03:25:36,PREMIUM
315,Cristian Clark,joseph88@example.com,2023-07-15 00:21:35,REGULAR
316,Barbara Chambers,michaelcoleman@example.org,2026-06-05 07:08:59,VIP
317,Katherine Shaffer,karenharper@example.org,2024-09-15 12:12:56,REGULAR
318,Deanna Allen,vlewis@example.com,2025-06-07 04:04:21,REGULAR
319,Jacob Lee,hortonchristy@example.org,2023-12-22 04:10:34,PREMIUM
320,Timothy Chang,dixonjohn@example.net,2026-01-06 08:11:43,PREMIUM
321,Maria Tucker,mortonmichelle@example.net,2025-01-14 00:19:57,VIP
322,Lisa Wallace,andre36@example.net,2024-12-06 18:22:26,VIP
323,Ashley Weaver,franciscogreen@example.org,2024-07-30 08:08:47,VIP
324,George Thomas,robertsonveronica@example.com,2025-11-02 04:57:29,VIP
325,Sara Harris,huynhaaron@example.net,2025-06-03 10:06:00,VIP
326,Hannah Stewart,ashley28@example.com,2025-09-30 22:47:53,REGULAR
327,Eric Gray,debrabowman@example.org,2024-01-11 22:54:45,VIP
328,Jonathan Solomon,jessica84@example.org,2025-09-13 16:28:53,PREMIUM
329,Christina Stevens,powerscaitlin@example.net,2024-01-24 07:58:12,VIP
330,Caitlin White,kim61@example.org,2024-10-22 22:45:08,VIP
331,Joshua Garcia,pjohnson@example.org,2024-04-01 02:35:59,REGULAR
332,Elizabeth Garcia,millerfrank@example.com,2024-03-14 08:32:34,PREMIUM
333,Norman Ferguson,jasonrodriguez@example.net,2024-12-20 07:52:55,PREMIUM
334,Timothy Ellison,ehuff@example.net,2024-05-21 08:32:36,PREMIUM
335,Wanda Santos,clogan@example.com,2023-07-27 23:55:53,PREMIUM
336,Matthew Diaz,tanyathomas@example.com,2026-04-14 00:11:10,VIP
337,Jonathan Jackson,alexis65@example.net,2024-07-20 05:18:11,PREMIUM
338,Donna Hawkins,amygoodman@example.net,2025-07-11 23:17:26,VIP
339,Michelle Brown,kristenweaver@example.com,2023-10-14 20:24:29,PREMIUM
340,Monica White,kevincole@example.org,2025-10-31 09:05:38,VIP
341,Sydney Taylor,leviwalker@example.org,2025-05-30 07:22:44,PREMIUM
342,Jonathon Spencer,tbond@example.net,2023-09-01 19:52:12,REGULAR
343,Regina Oconnell,cperez@example.net,2024-03-15 16:47:13,PREMIUM
344,Jenna Bailey,ugarrison@example.net,2024-03-05 11:47:32,PREMIUM
345,Amy Mills,xfowler@example.com,2026-02-03 18:37:41,VIP
346,Xavier Dean,fmiller@example.org,2024-04-22 09:11:56,REGULAR
347,Jennifer Mendoza,mark52@example.org,2023-10-06 11:09:25,PREMIUM
348,Gerald Reyes,alexandrawalters@example.org,2026-03-10 19:56:07,REGULAR
349,Susan Smith,brian15@example.org,2023-10-02 15:41:44,PREMIUM
350,Patrick Downs,jimmymarsh@example.com,2024-12-26 04:55:39,VIP
351,Barbara Owen DVM,calhounmichael@example.org,2026-07-04 18:20:11,PREMIUM
352,Whitney Phillips,danny58@example.com,2026-05-10 10:04:24,VIP
353,Shannon Bailey,kelly43@example.com,2024-01-24 02:15:22,REGULAR
354,Madeline Hunt,fperez@example.net,2025-05-19 19:43:31,PREMIUM
355,Mike Duffy,theresachapman@example.net,2024-07-07 10:56:23,REGULAR
356,Jason Walters,crystal73@example.com,2026-02-02 20:06:29,VIP
357,Miss Angel Bailey,jjacobs@example.org,2026-02-24 03:28:13,PREMIUM
358,John Estes,robertwilliams@example.com,2025-12-12 10:46:06,REGULAR
359,Douglas Norris,wjackson@example.org,2025-03-23 20:18:50,PREMIUM
360,Jeffrey Nash,anne77@example.com,2023-09-13 10:45:52,PREMIUM
361,Jacob Mejia,kimberly48@example.org,2026-04-07 14:38:27,PREMIUM
362,Mallory Delacruz,ambermoore@example.com,2026-05-20 06:20:36,VIP
363,Mariah Stevens,jenniferzuniga@example.org,2023-08-24 13:43:25,VIP
364,Eric Johnston,candrews@example.com,2025-05-24 19:57:59,PREMIUM
365,Lisa Jackson,abarnes@example.net,2024-07-22 12:44:35,PREMIUM
366,Bryan Spence,derek33@example.net,2024-12-07 09:51:05,REGULAR
367,Mr. Troy Owen,knightsarah@example.org,2025-01-10 12:47:37,REGULAR
368,Dylan Mays,wheelerjennifer@example.net,2024-03-02 05:45:35,VIP
369,William Payne,jennifer22@example.net,2025-10-20 08:41:38,VIP
370,Valerie Campbell,fnguyen@example.net,2023-12-14 01:01:11,REGULAR
371,Angel Wagner,jholt@example.net,2024-09-28 09:32:50,PREMIUM
372,Shane Butler,danielrobles@example.net,2023-12-19 13:25:09,VIP
373,David Long,paul15@example.net,2025-04-01 05:17:54,REGULAR
374,Teresa Matthews,richedward@example.org,2024-07-28 11:47:40,PREMIUM
375,Susan Evans,victoriadavis@example.net,2024-12-09 23:35:43,REGULAR
376,Jamie Kim,zross@example.com,2023-10-24 11:28:27,VIP
377,Jesus Ramirez,wcarlson@example.net,2024-08-15 17:16:05,PREMIUM
378,Amanda Perry,umiranda@example.com,2024-04-29 01:32:12,REGULAR
379,Jennifer Pearson,tharris@example.com,2023-10-02 01:04:34,VIP
380,Joyce Sherman,ericrussell@example.net,2024-03-11 15:07:12,VIP
381,David Lopez,hensonelizabeth@example.org,2023-12-14 17:38:43,PREMIUM
382,Cynthia Wells,qburke@example.com,2025-10-04 21:08:23,REGULAR
383,Mary Russell,phillip15@example.com,2025-08-29 01:31:26,PREMIUM
384,John Jackson,katherinemurphy@example.com,2025-08-28 02:54:27,PREMIUM
385,Ian Hopkins,scott43@example.net,2023-09-09 16:28:45,REGULAR
386,Kathryn Miller,mflores@example.net,2023-09-27 04:57:27,PREMIUM
387,Nicholas Wagner,sotojessica@example.net,2024-06-19 09:54:04,REGULAR
388,Nicole Elliott,lgregory@example.com,2024-09-17 08:58:30,REGULAR
389,Robert Hardin,laurajones@example.net,2023-11-13 12:21:41,VIP
390,Matthew Abbott,paulingram@example.org,2023-12-07 20:46:17,REGULAR
391,Timothy Ortiz,burtoncatherine@example.net,2023-10-09 23:20:01,PREMIUM
392,Jordan Smith,hughesjesse@example.net,2026-01-18 13:20:15,REGULAR
393,Phillip Rivera,martha74@example.org,2023-11-04 03:45:45,PREMIUM
394,Matthew Wilson,kochmichele@example.net,2025-05-26 15:48:20,VIP
395,Sean Mullen,sherribanks@example.net,2025-11-03 14:35:27,VIP
396,Matthew Meyer,hector58@example.com,2024-07-07 18:01:56,PREMIUM
397,Scott Thomas,michaelcarpenter@example.com,2024-10-20 22:45:47,VIP
398,Timothy Reynolds,dicksonsean@example.net,2024-08-13 07:56:02,PREMIUM
399,Kathleen Woods,ericksonjessica@example.com,2024-01-05 10:48:21,REGULAR
400,Jeremy Parker,angela34@example.net,2026-01-22 19:00:49,VIP
401,Megan Rasmussen,vanessagraham@example.net,2023-10-25 13:56:04,REGULAR
402,Taylor Goodwin,igriffin@example.org,2026-04-08 00:55:40,PREMIUM
403,Carly Hopkins,fduncan@example.org,2023-12-31 22:11:57,REGULAR
404,Ryan Johnson,adrianrodriguez@example.org,2024-02-09 15:26:33,VIP
405,Diane Reed,john80@example.com,2024-04-18 08:07:41,REGULAR
406,Larry Schneider,robert01@example.net,2024-08-02 13:17:20,VIP
407,Sandra Weber,christine76@example.com,2024-09-29 09:13:00,PREMIUM
408,Andrew Lee,jasonclay@example.org,2024-01-02 14:32:30,PREMIUM
409,Jasmine Daniel,hesterandrew@example.net,2024-01-25 08:48:35,VIP
410,Charles Beck,fernandezvincent@example.com,2025-04-20 20:50:45,REGULAR
411,Dawn Glass,robertlopez@example.net,2026-06-17 05:15:44,PREMIUM
412,Krystal Hale,chriscarey@example.com,2024-03-20 22:42:04,VIP
413,Sandra Marshall,olivercory@example.com,2023-11-15 13:12:10,REGULAR
414,Jessica Sloan,psullivan@example.org,2026-02-23 14:54:44,VIP
415,James Hall,reyessamuel@example.net,2024-04-19 19:03:58,REGULAR
416,Jennifer Becker,gvasquez@example.org,2024-08-06 09:31:16,REGULAR
417,Amy Smith,seanmontoya@example.net,2026-06-25 16:56:40,REGULAR
418,Rose Frost,troyhendricks@example.com,2023-10-01 13:00:44,VIP
419,Ruben Phillips,johnsonrandy@example.com,2025-10-07 10:35:25,VIP
420,Barbara Torres,fowlerbrandon@example.com,2024-02-08 23:26:47,PREMIUM
421,Rachel Aguilar,phillipsamy@example.org,2026-07-03 22:28:20,VIP
422,Aaron Miller,kenneth80@example.org,2023-08-19 01:26:06,PREMIUM
423,Mary Walton,wbeck@example.com,2024-11-10 21:05:22,VIP
424,Darrell Pace,carpenterdavid@example.com,2023-10-27 03:21:03,PREMIUM
425,Jessica Ayala,tracimiller@example.net,2026-06-24 17:47:08,REGULAR
426,Mark Wiggins,gonzalezanna@example.com,2024-02-05 00:12:12,VIP
427,Daisy Davis,kevinhuff@example.com,2026-03-19 07:29:19,PREMIUM
428,Kathy Kelley,tfox@example.org,2024-04-29 06:11:19,REGULAR
429,Erin Peters,glenn47@example.net,2023-08-04 21:03:13,VIP
430,Joel Anderson,josephhenry@example.net,2026-01-29 01:58:35,REGULAR
431,Catherine Hernandez,jgordon@example.net,2025-12-13 09:24:19,VIP
432,Melissa Wilson,gardnerholly@example.com,2023-08-05 22:54:50,VIP
433,Ms. Joanna Fox MD,phardy@example.com,2025-11-25 00:04:29,REGULAR
434,Alicia Ayala,cherrera@example.org,2025-04-24 19:53:52,VIP
435,Brenda Lopez,julie06@example.net,2024-02-25 08:12:48,PREMIUM
436,Gabrielle Clark,roberto05@example.org,2024-03-18 13:16:02,VIP
437,Adam Riddle,lauraowens@example.com,2025-01-30 04:23:20,PREMIUM
438,Shawn Dorsey,williamwilliams@example.org,2024-03-02 08:01:21,PREMIUM
439,Melissa Anderson,vstephens@example.net,2023-09-25 03:19:19,PREMIUM
440,Linda Bell,andrew97@example.net,2024-03-01 05:37:42,REGULAR
441,Stacey Jones,cwalker@example.org,2024-10-12 15:44:59,PREMIUM
442,David Buck,susan54@example.com,2025-09-28 20:09:34,PREMIUM
443,Christopher Beard,kathleen88@example.com,2025-05-25 20:18:17,PREMIUM
444,Laura Roth,berrythomas@example.net,2025-06-29 05:39:21,VIP
445,Rebecca Zhang,amandastephens@example.org,2024-12-06 12:01:33,REGULAR
446,Craig Hernandez,hwilliams@example.net,2026-06-01 01:45:17,PREMIUM
447,Susan Pacheco,franklinsheila@example.com,2024-03-29 17:22:58,PREMIUM
448,Linda Reed,karenmcdowell@example.org,2024-04-19 15:30:08,REGULAR
449,Ronnie Finley,schroederashlee@example.com,2025-11-17 03:49:37,VIP
450,Michael Nunez,cbailey@example.org,2026-02-07 02:50:13,REGULAR
451,Kimberly Kennedy,richarddennis@example.com,2024-01-09 19:03:11,PREMIUM
452,Jacqueline Burton,matthew01@example.com,2025-02-17 06:25:09,PREMIUM
453,Julia Hernandez,lucasbruce@example.com,2023-10-23 05:29:41,REGULAR
454,Andrea Hunt,griffithtimothy@example.com,2024-12-26 13:23:43,VIP
455,Francisco Dickson,kfletcher@example.net,2024-11-26 06:49:06,PREMIUM
456,Jonathan Farrell,amycochran@example.com,2025-05-18 09:50:53,VIP
457,Heather Cruz,ereyes@example.net,2023-11-17 06:11:26,REGULAR
458,Adam Hubbard,stephanie97@example.net,2024-06-10 01:05:26,VIP
459,Glenda Allen,susan69@example.com,2024-11-19 21:20:11,VIP
460,Nancy Fletcher,edwardmartin@example.com,2024-10-30 22:30:09,VIP
461,Tina Briggs,robert96@,2024-07-13 03:19:58,REGULAR
462,Janice Bowen,nathaniel49@example.com,2026-04-25 09:43:07,REGULAR
463,Kevin Doyle,zacharyrodriguez@example.net,2024-12-04 09:38:49,REGULAR
464,Ruth Howard,ypowers@example.org,2025-12-17 19:56:48,REGULAR
465,Tracy Adams,jessicagarcia@example.net,2025-12-16 19:43:28,VIP
466,Pamela Brewer,tiffany78@example.net,2025-08-08 22:28:56,VIP
467,Laura Jordan,hodgescott@example.com,2023-07-27 03:37:27,PREMIUM
468,Jessica Edwards,lisagarcia@example.com,2025-04-04 19:02:41,REGULAR
469,Joseph Mckinney,bdavis@example.net,2026-06-21 10:08:33,REGULAR
470,Andre Ortega,berganna@example.net,2026-03-14 15:29:41,VIP
471,Stephen Alvarez,joseph73@example.com,2026-02-13 16:27:54,REGULAR
472,Gary Morales,margaretduncan@example.com,2024-08-01 18:58:11,PREMIUM
473,Angela Norris,fmunoz@example.com,2025-04-16 17:04:59,PREMIUM
474,Jamie Smith,lgarcia@example.com,2024-12-31 20:57:47,VIP
475,Lisa Wright,icollins@example.org,2026-05-30 14:10:22,REGULAR
476,Rachel Robinson,shawnmeyer@example.com,2026-04-26 03:01:17,PREMIUM
477,Mr. John Anderson,progers@example.com,2026-07-07 22:40:06,VIP
478,Mr. Robert Williams MD,toddvazquez@example.com,2023-10-14 21:45:36,PREMIUM
479,James Kelly,rhodesamanda@example.com,2024-03-09 21:41:52,PREMIUM
480,Laura Johnson,smithjason@example.net,2024-05-30 09:45:19,PREMIUM
481,Christopher Baker,iwilkinson@example.org,2026-05-29 09:49:37,VIP
482,Christina Anderson,kathleenmay@example.org,2025-10-09 05:47:40,PREMIUM
483,Anne Lopez,havery@example.net,2025-05-14 09:11:18,VIP
484,Elizabeth Brooks,mario74@example.net,2023-09-25 22:33:19,PREMIUM
485,Mandy Humphrey,mphillips@example.org,2026-06-05 12:57:56,PREMIUM
486,Alexander Perez,christopher06@example.net,2023-07-26 04:12:45,VIP
487,Shannon Perez,rodgerssabrina@example.org,2024-05-26 23:03:36,PREMIUM
488,Carol Bishop,lopezjill@example.org,2025-01-06 17:03:17,VIP
489,Andrew Gillespie,jennifer52@example.net,2025-05-06 14:09:33,VIP
490,Thomas Sampson,velasquezjames@example.net,2023-12-16 18:18:10,PREMIUM
491,Gary Fleming,angela07@example.com,2025-08-30 04:11:16,REGULAR
492,Juan Dean,garciagerald@example.org,2024-01-06 14:22:40,VIP
493,Jonathan Moore,aliciawilliams@example.net,2025-04-11 19:47:49,REGULAR
494,Mario Williams,brianwoods@example.net,2025-05-25 21:18:09,PREMIUM
495,Duane Parks,kenneth46@example.org,2024-09-01 21:22:56,PREMIUM
496,Stephen Jones,powellvickieexample.net,2024-05-12 13:19:10,PREMIUM
497,Nicholas Mcclure,khowe@example.net,2024-10-09 22:35:20,REGULAR
498,Gregory Mcdonald,galvarez@example.org,2025-04-05 06:15:56,PREMIUM
499,Edward Gilmore,derrick24@example.org,2024-03-22 14:36:09,VIP
500,Gabriel Jarvis,jpowell@example.com,2024-04-10 05:45:34,REGULAR
501,Jeff Payne,tiffany64@example.org,2023-07-26 18:56:03,VIP
502,Edward Perez,jessicadavis@example.org,2025-07-21 03:55:03,PREMIUM
503,Sarah Elliott,matthew64@example.org,2024-01-16 02:07:42,VIP
504,Albert Nixon,allison49@example.com,2024-12-20 04:20:23,PREMIUM
505,Brian Rios,pedro19@example.org,2026-05-23 03:44:31,REGULAR
506,Erin Castro,ryancherry@example.org,2024-02-10 04:12:25,REGULAR
507,Erin Russell,carterjimmy@example.org,2023-10-11 07:42:07,PREMIUM
508,Todd Moore,matthewhardin@example.net,2024-11-27 04:17:27,VIP
509,James Chaney,gtaylor@example.org,2023-09-12 00:37:05,REGULAR
510,Sandra Gonzalez,xdiaz@example.org,2025-06-29 20:58:09,VIP
511,Natalie Harris,rodgersjason@example.com,2026-03-24 06:33:12,PREMIUM
512,Lisa Keller,victoriaperez@example.org,2025-10-10 01:13:01,PREMIUM
513,Matthew Robertson,henrycooper@example.net,2025-12-14 06:31:49,REGULAR
514,Jake Frey,xguzman@example.org,2026-05-27 08:04:05,REGULAR
515,Lucas Yang,michele52@example.org,2024-07-04 16:58:22,PREMIUM
516,Shannon Cruz,grice@example.com,2025-10-27 09:41:45,REGULAR
517,Joseph Peterson,marvinbaldwin@example.org,2025-02-11 18:49:25,VIP
518,Scott Greene,yhamilton@example.org,2023-09-06 19:01:40,REGULAR
519,Shannon Austin,toddburke@example.net,2025-11-15 22:44:35,REGULAR
520,Derrick Burke,hebertrobert@example.org,2025-08-28 07:28:21,PREMIUM
521,Jimmy Oliver,emoreno@example.org,2025-01-02 01:05:08,REGULAR
522,Brianna Webster,bbrooks@example.net,2026-05-19 07:36:14,VIP
523,Dana Oneill,cassie73@example.org,2024-10-18 18:59:41,PREMIUM
524,Sherry Wiley,zkelly@example.org,2023-08-06 04:32:14,PREMIUM
525,Lori Faulkner,xwalters@example.net,2026-04-01 00:57:45,REGULAR
526,Joshua Gill,georgesanchez@example.net,2025-12-28 04:02:23,PREMIUM
527,Anna Anderson,kaylagreene@example.com,2025-01-14 23:57:26,VIP
528,Sarah Green,rblevins@example.org,2023-10-05 00:00:53,REGULAR
529,Deanna Valenzuela,jamieford@example.net,2026-07-03 21:35:11,PREMIUM
530,John Fernandez,soliselizabeth@example.com,2024-06-07 15:12:29,PREMIUM
531,Elizabeth Sullivan,mccallchristian@example.org,2026-03-13 12:01:08,PREMIUM
532,Tanya Stokes,qknight@example.net,2024-08-03 11:34:19,PREMIUM
533,Lori Mccoy,znorman@example.net,2024-07-25 17:13:04,REGULAR
534,Sean Duncan,juarezsteven@example.org,2024-01-08 13:47:33,PREMIUM
535,Mariah Lopez,kristen84@example.net,2025-10-27 01:53:27,PREMIUM
536,Brian Waller,tmurray@example.org,2026-01-25 15:27:28,VIP
537,Mary Miller,bfigueroa@example.org,2024-03-17 19:51:37,VIP
538,Christopher Moore,crodriguez@example.net,2025-08-19 09:28:38,VIP
539,David Young,martintrevor@example.net,2025-07-23 07:59:57,REGULAR
540,Christopher Hampton,lisagomez@example.net,2023-10-05 07:57:52,VIP
541,Janet Benton,christineparker@example.com,2024-05-11 17:34:09,REGULAR
542,Louis Flores,bookeramber@example.com,2026-01-14 04:08:44,VIP
543,Barbara Moses,forbesmichael@example.net,2026-04-30 01:44:41,PREMIUM
544,Teresa White,thompsonjessica@example.net,2026-06-25 03:56:04,REGULAR
545,Jesus Maynard,pguzman@example.org,2026-01-16 07:05:58,PREMIUM
546,Corey Holt,travishamilton@example.org,2023-10-09 05:46:17,REGULAR
547,Melinda Allen,emily44@example.net,2025-02-26 04:38:52,VIP
548,Emily Walker,janetgraves@example.com,2025-03-17 16:52:30,VIP
549,Dr. Elizabeth Ramsey DVM,christophermiller@example.com,2024-05-25 06:10:28,REGULAR
550,Natalie Moss,dreese@example.net,2026-05-04 19:31:09,VIP
551,Justin Porter,thomaselizabeth@example.com,2025-12-03 23:23:45,PREMIUM
552,Deborah Michael,lambertkelsey@example.org,2024-10-30 08:11:49,REGULAR
553,Shelly Phillips,gregoryarroyo@example.org,2025-05-14 20:41:22,VIP
554,Catherine Lopez,romerolindsey@example.net,2026-07-06 08:56:32,PREMIUM
555,Keith Payne,cchen@example.com,2025-01-11 03:17:47,PREMIUM
556,Richard Wilson,ritamatthews@example.org,2025-01-31 09:01:24,REGULAR
557,Elizabeth Flowers,salaskristie@example.org,2026-01-27 09:10:12,PREMIUM
558,Chad Obrien,rodriguezrebecca@example.net,2026-01-14 15:08:05,PREMIUM
559,Eric Jackson,courtney74@example.com,2023-08-07 23:08:04,PREMIUM
560,Michael Perez,jaredjackson@example.net,2024-10-21 15:35:29,PREMIUM
561,Miguel Schroeder,teresa05@example.net,2024-12-30 22:38:33,PREMIUM
562,Yesenia Taylor,kochnicole@example.net,2024-08-04 14:02:55,PREMIUM
563,Stephanie Hardin,jeffrey90@example.com,2026-07-10 09:11:52,PREMIUM
564,Sonya Patrick,cheryl36@example.org,2025-09-22 16:50:24,REGULAR
565,Jennifer Marshall,moorefrancisco@example.com,2025-12-19 01:30:23,REGULAR
566,Alexandria Smith,tylerjohnson@example.org,2025-09-19 14:51:54,VIP
567,Deborah Gray,csalas@example.net,2024-09-12 02:20:36,PREMIUM
568,Cathy Estrada,danieldaniel@example.org,2025-10-20 13:03:36,VIP
569,Sarah Ayala,marthagarrett@example.net,2025-08-15 14:10:48,PREMIUM
570,Kimberly Johnson,pperkins@@example.net,2025-07-02 02:48:03,REGULAR
571,Heather Johnson,wtaylor@example.com,2026-03-16 03:15:43,VIP
572,Jason Fisher,thomasdale@example.com,2024-11-15 03:55:03,PREMIUM
573,Austin Mcpherson,meganhoward@example.com,2024-03-02 18:05:26,VIP
574,Caitlin Williams,jennifer48@example.net,2024-09-11 08:30:25,REGULAR
575,Zachary Hansen,lbauer@example.org,2025-06-17 16:48:38,PREMIUM
576,James Brooks,gutierrezrobert@example.org,2025-05-03 19:44:14,VIP
577,Joseph Ellison,clayton28@example.org,2026-05-18 03:21:28,VIP
578,Michael Foster,ndavis@example.com,2024-05-05 11:46:58,REGULAR
579,Jason Spence,cchandler@example.net,2023-12-12 04:20:15,PREMIUM
580,Christian Key,steven36@example.net,2025-08-21 02:16:43,PREMIUM
581,Travis Zimmerman,michaelprice@example.com,2025-08-28 01:59:49,REGULAR
582,Jackie Savage,jo07@example.org,2025-11-03 10:42:57,REGULAR
583,Janice Benson,andersoncarol@example.com,2024-09-01 13:47:04,PREMIUM
584,Rebecca Hernandez,eanderson@example.org,2023-07-28 02:12:27,REGULAR
585,William Mcguire,elozano@example.com,2024-07-06 02:26:59,REGULAR
586,Tammy Lewis,rogersjohn@example.com,2024-02-21 10:32:11,PREMIUM
587,Julian Jones,rebecca85@example.net,2026-04-09 21:25:55,VIP
588,Alexandra Nguyen,james96@example.org,2025-10-18 10:08:21,VIP
589,Samantha Curtis,calebweber@example.org,2024-07-30 11:35:43,VIP
590,Philip Ayala,jharrison@example.com,2023-10-25 22:57:18,PREMIUM
591,Leah Sanders,debrajackson@example.org,2024-04-25 15:52:41,PREMIUM
592,Catherine Williams,andrew40@example.net,2024-07-04 16:33:25,PREMIUM
593,Leah Guzman,kaylalynch@example.org,2024-02-26 19:54:41,PREMIUM
594,Nancy Barton,michael81@example.org,2023-11-10 08:30:57,PREMIUM
595,Zachary Lang,hernandezgeorge@example.net,2026-06-08 14:29:16,PREMIUM
596,Eric Bennett,ricespencer@example.org,2024-02-26 15:08:06,VIP
597,Jack Mccall,jean11@example.net,2026-06-01 17:27:51,VIP
598,Tara Proctor,mcphersonmonica@example.com,2026-01-27 10:07:19,PREMIUM
599,Julie Vasquez,hford@example.com,2023-11-04 02:25:53,REGULAR
600,Christopher Garrison,robinsoncathy@example.net,2025-07-19 03:37:29,PREMIUM
