item_id,order_id,product_id,quantity,unit_price,discount_percent
1,680,16,1,2343.71,78.9
2,55,3,8,626.12,66.0
3,676,5,6,2410.72,88.3
4,390,125,2,6947.5,53.2
5,513,6,8,414.04,92.2
6,502,5,7,2839.56,35.2
7,242,66,5,7041.55,89.0
8,31,88,5,7187.68,65.7
9,392,147,4,1306.72,97.1
10,338,53,8,5254.53,58.1
11,208,135,3,7285.55,43.0
12,149,143,3,4310.4,71.9
13,150,106,1,7693.45,30.3
14,653,49,5,943.49,18.5
15,627,60,5,4811.25,23.1
17,504,50,8,1887.56,40.9
18,277,52,7,6086.44,6.6
19,450,118,8,7111.94,42.8
20,623,101,7,4930.89,74.2
21,538,116,1,3709.51,87.8
22,252,11,7,4505.84,51.6
23,51,102,4,7086.74,77.4
24,171,14,7,5550.63,90.4
25,662,129,8,994.06,77.9
26,560,83,3,3662.0,17.9
27,207,83,8,5564.57,90.7
28,127,116,2,5109.17,8.5
29,524,98,3,446.86,17.1
30,676,38,3,1513.05,71.2
31,317,47,8,1028.68,13.2
32,638,128,-5,6857.75,54.4
34,7,72,4,4996.15,55.8
35,51,90,3,390.1,85.4
36,618,23,5,487.35,41.7
37,689,147,5,6319.73,17.7
38,593,24,6,6171.24,32.3
39,70,17,7,2413.38,13.5
40,282,135,6,1757.78,20.9
41,586,74,2,3473.72,84.8
42,589,145,6,4021.54,72.9
43,185,50,4,112.49,2.4
44,121,107,4,3370.93,33.4
45,653,52,-4,5551.13,25.4
46,308,30,6,5518.1,34.1
47,631,50,1,2711.07,33.8
48,486,124,1,1327.55,46.1
49,344,106,8,7429.54,5.6
50,579,5,6,1745.27,68.5
51,363,72,2,6741.84,33.9
52,548,100,3,1580.29,11.7
53,316,70,6,3369.57,49.7
54,463,78,5,1482.6,37.4
55,207,7,2,6412.3,90.5
56,349,135,8,2551.83,32.7
57,101,10,3,3729.01,71.4
58,5,23,5,2732.99,88.9
59,675,80,-5,5146.92,21.0
60,294,113,5,5401.88,27.3
61,118,144,1,4161.08,20.7
62,327,73,5,4635.26,17.1
63,347,8,8,3818.81,67.5
64,56,46,2,5666.95,89.1
65,457,51,6,5731.9,67.1
66,477,120,3,868.38,31.0
67,477,58,8,1235.4,89.6
68,373,85,7,6331.35,88.2
69,31,90,2,3881.35,84.6
70,357,104,3,6558.67,79.7
71,666,137,2,3741.7,59.1
72,250,99,3,621.87,20.8
73,442,88,7,4401.76,23.6
74,80,119,8,2670.49,9.8
75,316,28,7,5515.52,59.6
76,336,16,8,815.21,81.7
77,652,39,1,3678.5,29.2
78,458,82,4,2467.91,79.4
79,446,150,6,164.14,98.6
80,131,141,5,7746.41,0.1
81,368,8,2,1958.41,70.2
82,326,112,7,4406.44,66.2
83,193,93,7,6735.71,15.4
84,687,19,3,5222.28,14.4
85,674,35,7,768.84,64.2
86,467,117,7,4124.38,55.2
87,364,2,4,4665.71,84.7
88,514,140,5,4653.18,3.3
89,495,124,6,7697.73,8.0
90,540,21,5,4234.52,61.0
91,646,139,2,6404.98,31.2
92,352,132,1,7257.84,57.4
93,362,10,5,5590.9,59.8
94,578,122,5,4667.31,57.3
95,299,22,1,1101.89,7.7
96,259,71,3,6877.08,1.4
97,179,95,3,6481.94,26.1
98,497,9,3,2808.5,8.4
99,158,106,8,6185.91,23.8
100,653,89,3,529.17,26.4
101,54,122,3,2480.8,74.6
102,546,100,4,3849.26,14.5
103,13,115,5,3117.83,31.6
104,43,91,2,7653.85,43.2
105,280,26,6,2117.22,58.4
106,692,50,4,4207.62,67.8
107,321,18,1,194.5,9.8
108,457,73,6,2089.98,3.4
109,59,32,4,5693.79,12.0
110,134,145,7,6445.28,18.5
111,189,20,5,5146.37,92.3
112,438,19,6,2290.57,6.2
113,62,68,5,1505.64,6.9
114,206,126,7,956.6,54.1
115,629,67,2,915.97,7.3
116,257,128,-8,1275.95,64.0
117,681,85,7,7246.48,57.5
118,503,18,8,4367.02,0.3
119,494,92,2,2734.17,30.3
120,663,88,2,735.61,46.0
121,664,11,4,7743.35,66.1
122,400,92,2,3943.38,88.5
123,195,7,3,5785.94,59.3
124,65,116,5,7735.94,1.6
125,346,55,1,6476.12,66.7
126,695,60,3,7406.04,3.7
127,670,12,1,2017.19,64.9
129,109,57,2,598.57,20.3
130,695,148,7,4412.49,32.2
131,219,86,1,599.45,27.4
132,173,113,6,2024.79,58.2
133,648,5,7,7049.05,8.1
135,130,70,4,4232.39,41.2
136,626,128,1,4935.19,8.8
137,309,143,6,1961.55,11.8
138,98,139,6,4109.57,46.4
139,214,29,5,6393.24,68.5
140,486,12,8,526.82,36.4
141,258,117,6,442.21,74.0
142,181,125,3,4167.74,7.1
143,456,84,6,1917.5,11.0
144,243,97,7,7141.78,7.4
145,56,117,7,1506.68,37.3
146,199,52,6,2753.54,3.2
147,288,120,3,3722.77,17.1
148,303,44,3,4667.16,55.3
149,422,56,8,4773.49,83.7
150,439,112,4,4677.79,89.2
151,153,12,1,416.46,47.1
152,35,123,7,6496.76,69.7
153,508,4,4,5575.96,40.7
154,368,24,5,225.85,66.9
155,471,119,1,6197.5,87.4
156,380,1,8,6897.02,7.1
157,341,70,1,5614.63,61.3
158,213,86,2,5912.51,5.5
159,691,29,6,3125.34,46.5
160,376,18,3,4529.99,77.4
161,343,123,4,5925.3,75.2
162,215,69,4,4078.17,42.3
163,382,129,6,4260.79,12.3
164,695,95,5,6419.24,94.5
165,68,118,4,789.74,39.1
166,79,29,2,5606.95,49.6
167,534,139,1,7460.6,47.4
168,661,17,1,274.09,80.2
169,533,88,6,5280.51,78.7
170,682,146,8,1142.44,78.9
171,267,74,4,6181.02,4.7
172,467,42,3,5723.32,28.5
173,683,30,3,425.1,31.7
174,267,144,6,5686.36,66.6
175,152,42,6,4315.78,12.1
177,560,76,6,3843.89,29.0
178,588,114,3,2775.61,11.2
179,42,30,3,2533.85,40.2
180,457,15,6,4904.39,19.5
181,285,138,-4,6810.67,67.7
182,525,82,7,4865.06,51.2
183,683,110,6,3020.08,37.3
184,360,144,5,792.03,72.8
185,426,109,8,5855.98,41.4
186,613,78,2,3849.44,86.8
187,68,105,7,5146.57,27.3
188,474,98,3,2386.76,49.1
189,310,119,5,1873.71,79.1
190,308,74,8,3395.54,49.2
191,251,71,1,3995.1,97.1
192,371,67,8,5061.17,47.6
193,123,148,6,238.61,26.0
194,150,35,6,2923.35,5.3
195,652,75,6,4283.94,93.6
196,644,43,3,4395.33,87.2
197,309,93,5,857.08,58.0
198,14,96,3,6252.58,41.2
199,167,129,2,1846.8,18.8
200,629,20,2,1020.87,13.1
202,351,8,3,5981.24,11.9
203,146,54,4,1128.72,7.9
204,115,124,-2,6082.94,4.3
205,676,65,1,441.92,30.2
207,30,72,2,7595.45,34.8
208,513,18,4,882.93,57.8
210,102,122,4,2995.06,58.9
211,110,98,3,3450.33,51.4
212,322,134,2,1173.71,76.2
213,571,127,1,1014.21,28.4
214,320,105,8,2395.66,85.5
215,72,95,8,1516.45,99.9
216,108,22,7,1041.82,39.5
217,105,51,3,2775.19,59.5
218,126,128,4,2300.29,71.3
219,280,104,7,7901.43,51.1
220,466,126,2,4028.46,62.8
221,102,128,1,5457.05,97.2
222,696,25,6,6105.35,66.1
223,505,128,8,3972.98,26.2
224,554,9,1,7926.62,88.0
225,461,114,6,3731.28,3.3
226,311,35,3,2568.43,38.9
227,583,139,8,4620.46,47.6
228,519,127,1,4769.26,37.8
229,292,12,6,1112.76,36.6
230,598,88,1,3106.53,42.8
231,422,63,6,2056.15,64.8
232,68,44,5,255.72,32.6
233,433,121,7,4745.11,98.6
234,400,126,6,890.45,67.5
235,515,77,6,2970.34,43.6
236,78,13,4,2448.83,57.4
237,640,149,2,848.4,33.7
238,544,89,8,6385.65,65.2
239,308,81,7,1680.61,40.2
240,465,133,3,6915.41,57.7
241,479,137,5,6490.57,85.3
242,580,94,1,3753.64,24.0
243,308,17,7,5108.03,84.6
244,294,61,3,3306.34,11.4
245,252,144,5,7931.22,42.2
246,207,8,3,2141.34,80.4
247,181,125,1,6279.65,5.5
248,322,105,5,7184.51,67.2
249,407,147,3,5902.4,93.3
250,595,24,5,1980.81,12.2
251,338,61,7,7490.45,21.8
252,220,66,5,6916.91,5.6
253,116,122,6,5493.63,96.3
254,149,95,6,6588.79,2.1
255,621,14,1,5556.39,78.9
256,566,93,7,7234.94,68.5
257,243,101,8,7427.31,91.8
258,242,42,5,7335.54,63.1
259,660,71,7,6944.91,82.3
260,483,86,7,5767.35,87.7
261,165,91,5,3424.88,72.9
262,335,14,8,5166.85,18.4
263,657,52,-3,5063.54,31.4
264,162,34,4,6790.99,68.6
265,328,35,8,2159.37,68.7
266,289,95,4,1536.93,87.6
267,585,6,-4,7392.59,64.7
268,92,44,8,493.29,61.8
269,153,44,2,7583.22,11.7
270,446,127,8,1036.25,71.4
271,273,98,5,1128.57,85.6
272,290,105,4,6360.46,2.9
273,242,95,8,4704.93,64.7
274,481,102,3,5526.13,71.3
275,612,143,5,564.14,33.3
276,363,130,-1,4995.3,30.3
277,380,144,3,424.89,17.9
278,505,34,6,808.22,71.0
279,267,33,2,4043.76,97.3
280,370,68,7,4942.16,76.2
281,321,81,7,5921.27,49.1
282,570,39,8,531.08,18.3
283,168,127,8,422.25,35.7
284,497,38,8,1076.87,9.4
285,185,70,3,4549.65,66.3
286,5,20,3,2044.64,49.8
287,337,32,1,3213.94,59.0
288,332,118,-3,6662.52,66.0
289,276,12,1,5283.76,95.1
290,583,13,3,6432.31,28.3
291,73,66,7,1506.29,96.5
292,92,42,1,3169.17,40.2
293,670,126,3,6428.69,73.6
294,618,25,3,6673.22,51.3
295,398,109,8,812.76,42.3
296,191,24,7,419.46,34.2
297,230,135,3,5073.52,52.5
298,448,123,2,2473.11,98.4
299,308,76,4,4591.43,55.1
300,526,106,2,846.43,66.1
301,260,21,6,6172.31,1.6
302,474,101,3,457.54,41.6
303,322,116,8,5028.1,26.5
304,192,67,4,6985.76,10.6
305,6,44,7,5280.83,46.0
306,674,93,8,5556.23,96.3
307,310,4,2,1607.34,81.6
308,193,38,1,5232.94,43.6
309,552,119,4,1270.51,42.2
310,157,121,8,255.06,45.0
311,302,3,7,911.04,84.8
312,426,142,8,7992.31,3.7
313,526,16,8,4273.64,42.2
314,66,107,5,7124.21,11.7
315,662,112,6,264.37,28.8
316,353,57,8,4742.5,68.5
317,673,76,8,5811.66,39.0
318,690,42,6,5012.55,28.2
319,684,52,8,1334.88,49.2
320,506,143,5,471.69,1.8
321,366,129,3,352.56,6.4
322,633,58,4,3942.29,99.4
323,48,132,5,4873.89,10.4
324,449,29,8,7799.81,78.2
325,105,43,1,5076.42,87.1
326,161,130,5,4037.29,87.0
327,373,32,6,6803.9,43.9
328,7,122,4,2796.43,50.5
329,382,63,7,1297.73,75.4
330,234,106,3,7352.36,89.8
331,529,114,6,1250.12,1.0
332,72,103,2,7857.36,16.4
333,38,15,3,7824.09,98.0
334,533,142,5,7001.02,72.2
335,353,136,1,4922.17,14.7
336,660,114,4,5610.02,88.8
337,415,22,4,392.06,33.4
338,130,131,5,4459.11,52.1
339,164,139,-1,4780.78,24.1
340,433,96,2,2152.08,50.7
341,667,147,2,5921.18,45.3
342,596,73,4,5368.69,81.5
343,144,64,7,931.29,51.6
344,370,109,8,6644.66,8.2
345,134,20,8,3017.42,52.6
346,532,150,7,4040.74,42.3
347,502,37,7,4095.71,48.5
348,526,117,2,3839.51,74.6
349,379,105,2,971.66,37.0
350,536,79,3,7929.06,30.3
351,147,108,3,484.34,89.4
352,221,126,3,116.48,54.8
353,46,80,7,4569.54,90.0
354,487,130,3,5128.04,76.2
355,153,105,6,3159.16,90.0
356,47,23,8,6941.03,70.7
357,317,22,2,1620.17,61.9
358,55,129,4,7185.23,12.0
359,185,53,1,2037.76,70.6
360,455,83,2,3274.2,4.5
361,24,107,6,290.05,52.8
362,94,139,2,1428.43,14.4
363,92,105,3,5461.01,5.9
364,186,77,1,3180.52,32.0
365,332,31,5,509.84,24.0
366,243,130,8,3141.88,11.5
367,476,8,7,3319.2,23.4
368,276,143,2,5247.25,12.6
369,457,129,2,1707.31,96.8
370,173,109,4,7694.68,55.5
371,476,43,5,104.29,93.4
372,613,98,5,7994.01,84.2
373,523,137,5,4548.34,30.1
374,126,72,3,7038.41,21.1
375,326,116,6,2256.8,66.2
376,216,85,8,225.41,69.2
377,3,3,-8,5414.38,41.3
378,501,20,7,4355.33,89.3
379,456,97,2,6636.99,35.8
380,9,50,2,3612.16,22.2
382,372,54,1,156.37,98.4
383,114,127,5,1446.77,19.4
384,689,33,3,5993.19,12.7
385,234,6,5,7936.42,69.3
386,259,110,-8,5163.63,94.3
387,331,105,7,2264.88,68.0
388,371,58,1,471.02,91.8
389,324,86,1,746.29,57.2
391,338,25,5,320.19,43.2
393,56,61,6,7554.03,77.6
394,98,22,8,7798.75,91.7
395,67,114,3,532.83,61.1
396,105,76,1,6814.44,40.2
397,421,3,4,3681.95,46.4
398,636,7,2,3687.21,32.8
399,106,18,1,4783.8,84.1
400,130,124,5,5824.52,44.5
401,46,150,1,3543.2,96.0
402,319,80,3,4866.3,29.1
403,531,130,3,6571.55,55.9
404,353,52,4,6303.58,34.2
405,479,145,6,7708.21,61.6
406,167,11,2,4017.85,92.0
407,236,62,8,3897.9,76.8
408,385,2,4,2966.26,7.4
409,118,50,3,5087.54,91.3
410,31,45,4,1829.67,26.2
411,568,6,4,1491.01,26.2
412,694,29,3,2773.23,21.0
413,379,135,6,7819.1,99.8
414,67,34,2,6379.7,19.2
415,384,63,6,7376.01,76.3
416,549,84,5,2052.66,62.9
417,130,21,8,6298.86,79.1
418,172,131,7,3056.7,51.9
419,383,127,8,3842.69,58.1
420,598,52,1,3671.43,23.4
421,436,96,7,2110.78,8.5
422,303,59,8,4713.3,46.5
423,437,105,8,3003.34,49.8
424,26,68,3,5198.3,35.9
425,514,59,2,877.43,7.1
426,206,85,6,2075.19,74.5
427,282,36,4,7987.4,75.2
428,268,73,1,6596.24,78.3
429,416,132,1,7915.27,95.1
430,234,54,4,3848.06,51.6
431,480,22,8,2573.29,18.8
432,428,143,4,337.82,13.9
433,313,91,1,2784.6,41.9
434,414,6,5,4583.86,3.2
435,339,53,7,7594.67,6.4
436,487,116,2,5148.13,30.5
437,692,126,3,312.02,19.9
438,396,75,5,5310.6,7.0
439,531,106,1,3189.73,99.0
440,429,100,8,7645.26,86.6
441,211,122,5,1354.37,57.5
442,208,2,8,7929.57,44.6
443,620,146,4,7045.99,46.0
444,94,117,5,2839.58,84.3
445,401,46,3,7209.72,73.3
446,675,25,3,3209.06,94.6
447,162,138,5,2405.93,91.6
448,223,142,8,1057.72,36.9
449,517,43,6,2096.86,50.6
450,75,103,8,6860.61,39.7
452,249,72,8,6748.34,17.1
454,12,92,5,1505.73,71.4
455,546,13,4,6708.36,81.2
456,676,79,2,3607.49,59.8
457,387,96,4,7279.18,20.0
459,99,12,3,3383.87,10.8
460,576,139,4,3221.0,42.8
461,109,4,6,3276.9,31.6
462,470,72,4,5234.57,36.9
463,224,128,7,7866.51,10.2
464,583,25,3,4838.95,98.1
465,695,82,3,7826.37,66.6
466,19,60,8,4077.02,70.5
468,384,39,8,3068.41,64.2
469,613,85,8,1160.71,31.8
470,41,74,7,6029.35,22.9
471,351,14,4,7262.39,66.5
472,228,47,7,3594.65,0.6
473,72,37,4,7512.37,12.6
474,563,21,4,3467.29,46.7
475,203,64,4,2494.5,57.6
476,207,124,5,732.13,97.3
477,172,130,8,4914.21,43.3
478,494,110,1,6846.93,75.9
479,610,45,3,2132.6,46.4
480,385,35,8,5747.42,19.6
481,5,96,1,3982.48,92.6
482,383,19,7,3329.42,3.9
483,395,112,3,7661.07,77.1
484,357,95,8,5602.0,65.1
485,253,93,4,5084.53,67.6
486,661,117,3,7559.7,14.7
487,593,24,-3,5190.74,91.7
488,601,49,2,7020.45,16.6
489,310,106,7,6044.45,92.4
490,112,69,6,6014.97,93.0
491,316,126,1,112.47,7.0
492,538,111,7,1448.01,37.5
493,203,29,8,3660.22,81.4
494,61,50,3,2148.88,90.2
495,642,43,2,730.5,8.6
496,66,61,-6,3875.39,67.3
497,63,2,5,5356.05,78.9
498,217,134,1,7896.49,76.1
499,485,87,6,3029.2,89.0
500,246,97,6,4925.39,97.5
501,103,103,1,5829.24,88.8
502,617,72,2,7613.39,75.1
503,463,49,8,124.72,63.8
504,330,12,1,7759.82,73.6
505,240,21,8,2851.84,93.9
506,488,76,2,4896.67,71.2
507,586,23,1,2480.65,67.3
508,479,30,3,3909.13,54.1
509,175,8,2,1365.86,92.9
510,288,122,4,7616.88,67.1
511,548,86,8,6988.33,93.2
512,616,97,2,7290.32,74.3
513,670,58,7,2146.84,29.1
514,349,30,4,4625.43,12.7
515,390,138,1,1599.88,38.8
516,374,57,3,942.03,0.9
517,324,76,3,6714.01,50.0
518,616,9,5,4831.15,30.9
519,127,147,5,3878.43,82.9
520,386,86,1,1306.35,71.7
521,231,46,1,6868.55,72.7
522,676,141,3,3199.06,42.2
523,357,136,7,5841.36,28.2
524,562,83,7,6042.91,58.0
525,312,148,8,1186.73,69.6
526,149,51,4,5909.02,0.9
527,590,38,2,3074.79,98.3
528,173,122,1,1519.1,5.2
529,666,39,6,5053.08,40.4
530,247,45,7,5257.1,37.5
531,687,98,2,2274.21,65.3
532,123,126,2,5167.13,90.8
533,601,25,8,6375.32,18.1
534,661,33,7,885.59,6.3
535,551,6,3,3210.99,81.7
536,543,150,8,4357.96,81.9
537,213,47,2,142.06,44.7
538,41,42,3,793.79,25.7
539,87,94,2,7733.58,17.2
540,674,12,1,7575.1,51.9
541,675,126,8,5591.3,52.3
542,361,12,4,1973.09,18.8
543,221,56,3,4775.09,27.7
544,433,67,2,3116.08,90.4
545,86,37,5,4333.64,7.1
546,649,145,4,5292.81,82.1
547,430,112,3,3093.64,96.4
548,277,141,2,3313.57,32.9
549,342,58,5,2261.81,9.8
550,228,32,7,1488.28,72.8
551,502,147,2,6936.65,55.2
552,50,100,3,1527.31,80.6
553,545,33,7,2146.58,68.7
554,674,146,3,5909.84,5.3
555,380,108,4,5683.62,18.3
556,480,110,5,4212.7,71.8
557,235,23,5,7584.89,40.7
558,93,62,2,7564.45,16.5
559,293,3,8,7701.11,42.4
560,140,137,8,5613.27,40.5
561,8,89,7,2029.39,73.9
562,541,44,1,5428.73,88.2
563,231,35,3,4158.11,95.2
564,389,29,3,2769.87,67.9
565,121,76,5,2191.53,0.2
566,404,132,4,6623.25,3.5
567,633,2,8,4962.69,32.9
568,6,48,6,3276.34,0.9
569,203,40,2,3344.68,91.3
571,550,113,5,5284.61,43.9
572,445,51,1,974.26,28.5
573,432,42,6,5363.02,94.8
574,273,141,2,4014.98,68.2
575,410,28,7,6362.43,12.6
576,14,88,4,3494.35,59.7
578,524,30,3,6926.92,99.4
579,440,27,4,5639.05,50.2
580,606,34,3,3270.14,27.4
581,150,52,-7,818.39,5.1
582,314,110,4,3885.64,51.0
583,312,72,2,7549.69,71.2
584,49,14,3,5317.4,32.2
585,287,65,2,7591.79,36.4
586,100,34,1,2716.57,74.1
587,604,71,6,1759.26,38.4
588,134,49,2,1624.13,44.6
589,560,122,6,7918.19,20.2
590,45,141,3,5721.66,89.2
591,574,115,6,5075.93,11.7
592,495,129,7,6347.99,16.7
593,133,145,5,580.27,97.2
594,408,132,8,7775.15,16.6
595,394,70,7,1734.7,0.4
596,607,132,1,3697.98,70.8
597,311,69,4,4461.99,17.1
598,244,38,5,7542.16,27.8
599,53,54,4,4323.3,0.1
600,620,141,6,2185.9,13.4
601,302,3,6,6609.06,21.9
602,181,138,5,5292.81,86.8
603,598,98,2,7570.68,25.7
604,619,57,4,2661.68,20.4
605,405,112,3,3012.26,90.2
606,186,46,8,1591.99,49.1
607,664,42,-5,7093.5,81.7
608,193,110,2,2037.51,90.9
609,103,4,3,4866.02,37.8
611,643,3,1,7665.18,10.6
612,347,123,2,6101.41,89.2
613,315,63,6,541.42,69.2
614,127,27,1,4402.67,10.3
615,426,58,-3,289.61,42.7
616,672,99,5,5525.45,71.5
617,504,58,3,903.72,95.6
618,631,22,6,7175.13,60.5
619,544,109,6,1286.74,66.7
620,294,70,6,7338.25,66.2
621,79,39,1,6244.49,14.7
622,458,29,8,4664.96,96.0
623,93,47,6,6163.53,35.3
624,493,86,7,1191.95,94.4
625,393,138,7,4316.79,53.2
626,394,108,2,4262.87,77.7
627,225,1,2,1705.91,85.1
628,486,16,3,7299.76,36.1
629,143,142,5,7777.37,91.3
630,230,31,1,7700.21,70.4
631,27,28,7,5335.7,7.4
632,162,37,1,724.05,7.7
633,427,121,3,5974.11,74.8
634,307,87,8,3607.39,64.5
636,406,117,7,4477.83,83.0
637,514,109,5,7458.46,27.2
638,387,103,3,4990.45,21.9
639,573,120,2,3871.59,65.3
640,390,96,3,5208.51,19.5
641,80,86,6,321.59,28.2
642,67,80,4,1583.18,20.2
643,247,146,5,4561.89,56.4
644,47,80,1,166.98,35.7
645,408,101,4,5832.94,97.4
646,100,129,6,897.92,80.7
647,602,10,7,2391.94,15.2
648,641,60,2,7086.78,80.7
649,165,34,6,2778.26,36.0
650,442,100,1,1988.97,99.7
651,157,4,8,1226.72,87.0
652,90,81,8,1440.77,29.6
653,591,19,6,1515.57,77.2
654,485,114,5,5237.31,14.0
655,583,74,8,3267.42,85.7
656,133,81,8,3052.1,68.2
657,270,15,1,5954.24,24.5
658,9,75,3,3068.99,57.0
659,229,24,7,2856.61,46.8
660,477,28,2,7347.94,92.2
661,205,82,7,2805.15,60.4
662,488,10,2,4406.14,94.9
663,219,98,6,592.96,80.9
664,485,6,4,7625.9,68.4
665,651,18,3,2263.85,8.2
666,463,67,7,1554.22,5.4
667,439,77,6,1399.81,34.9
668,487,112,3,2902.07,69.3
669,11,149,4,4970.45,32.4
670,325,118,1,7477.17,49.9
671,691,1,7,7907.08,94.3
672,650,149,8,869.82,21.9
673,431,56,3,2849.88,95.2
674,591,94,1,227.91,89.7
675,128,117,8,3371.02,35.2
676,437,46,6,3724.71,37.3
677,167,112,7,5109.45,70.2
678,102,27,2,808.14,1.6
679,107,140,8,887.65,44.4
680,34,55,5,1860.75,45.5
681,201,90,8,7744.17,91.4
682,661,96,-7,6279.35,50.8
683,675,107,5,5419.08,0.4
684,34,96,-1,6742.08,51.9
685,326,147,6,7943.35,24.2
686,198,148,7,3489.91,93.9
687,178,133,7,1351.7,23.1
688,130,101,2,6759.94,62.7
689,567,53,3,836.71,2.6
691,134,92,8,1573.79,65.3
692,199,97,4,6186.09,65.9
693,148,149,1,6948.82,11.1
694,126,68,2,7167.38,9.3
695,371,126,4,6383.99,41.4
696,641,108,2,3064.51,31.4
697,165,46,3,5311.36,63.1
698,121,124,6,7959.84,60.0
700,157,30,4,7198.72,2.9
701,86,124,3,1673.98,9.2
702,668,127,5,3544.89,94.6
703,257,72,3,7698.78,10.3
704,602,53,5,7634.72,48.8
705,434,28,5,4897.64,42.9
706,383,9,2,7668.97,25.3
707,619,30,6,1521.24,32.3
708,367,96,4,3038.52,78.0
709,327,55,1,3776.48,79.5
710,576,55,2,4265.37,10.3
711,623,108,2,5488.84,43.5
712,203,127,4,4039.34,99.0
713,128,84,8,4770.25,23.6
715,547,5,1,648.69,9.5
716,309,89,5,3262.72,55.6
717,628,117,1,3997.36,64.1
718,383,13,-2,6621.11,13.9
719,447,49,4,5820.45,81.2
720,551,14,1,2151.53,78.5
721,312,98,2,2232.31,17.0
722,472,38,2,6048.98,88.8
723,424,134,8,4267.95,57.8
724,288,124,6,1884.06,26.4
725,85,63,6,5309.9,73.5
726,80,16,2,1778.56,67.0
727,395,88,4,1748.43,59.1
728,321,40,5,6797.68,10.6
729,373,132,7,1703.86,40.0
730,434,148,3,5222.23,14.7
731,113,118,-4,1577.54,2.9
732,464,141,6,764.13,43.1
733,515,14,7,3586.59,37.0
734,392,49,7,3281.27,59.4
735,506,13,7,5206.12,95.9
736,55,62,1,620.19,10.1
737,636,26,7,1837.12,82.4
738,508,53,4,2846.3,28.8
739,4,123,2,5938.82,85.3
740,175,43,6,1580.02,90.0
741,14,6,8,1502.37,26.4
742,696,122,1,4706.95,48.8
743,113,146,1,5472.37,29.1
744,516,25,3,889.94,80.4
745,503,66,6,5340.93,25.4
746,362,133,5,6218.76,85.7
747,611,133,8,5852.9,2.1
748,226,8,3,2030.51,74.1
749,369,50,4,7373.11,37.8
750,281,135,8,1482.12,91.0
751,340,71,7,2543.65,4.1
752,352,117,2,4576.63,79.3
753,113,38,1,3783.91,15.0
754,639,74,3,610.47,29.5
755,223,32,5,520.23,30.6
756,677,36,1,2866.72,28.3
757,682,70,3,1226.89,73.3
758,83,122,5,7470.18,24.9
759,396,26,7,7154.97,92.0
760,178,83,7,6454.6,13.9
761,257,52,3,2478.39,8.6
762,644,97,8,6281.01,83.4
763,540,129,8,7485.55,71.3
764,438,106,8,3744.14,91.3
766,525,140,6,7209.31,87.8
767,403,2,3,3756.18,76.3
768,56,28,2,2734.52,9.7
769,494,32,6,5949.74,67.4
770,55,144,4,5949.35,49.5
771,692,80,3,5781.22,93.7
772,639,1,4,1308.87,88.0
773,254,7,4,6678.54,44.4
774,125,48,5,6580.14,84.2
775,628,32,8,3515.59,63.6
776,674,140,4,1682.77,48.0
777,103,71,8,3190.39,69.8
778,427,73,7,3710.95,56.4
780,480,41,8,2926.21,85.6
781,358,45,7,5281.76,35.2
782,348,36,8,2298.89,76.3
783,404,124,2,3074.53,47.2
784,590,83,5,4751.93,58.1
785,414,41,2,1930.46,66.5
786,696,60,8,7852.49,80.9
787,243,45,2,5852.49,38.4
788,66,30,1,395.6,75.0
789,384,83,1,950.52,45.0
790,653,126,4,3556.37,28.6
791,166,50,7,779.54,2.4
792,99,36,4,7157.0,36.0
793,560,136,2,4019.79,83.2
794,486,144,6,6842.03,80.2
795,641,146,7,717.34,78.2
796,121,139,8,2714.27,22.4
797,258,18,7,6992.3,15.8
798,548,129,4,2566.69,61.9
799,114,68,8,5260.53,3.2
800,206,16,6,1200.38,54.7
801,680,19,1,6464.73,56.4
802,37,107,6,4825.37,61.2
803,565,70,8,5814.31,10.4
804,231,78,6,6274.18,87.6
805,57,51,1,4320.07,86.0
806,19,97,8,5593.98,43.0
807,142,95,2,2879.13,34.3
808,244,3,4,1894.29,74.7
809,550,4,1,6998.72,25.0
810,59,73,3,445.38,35.0
811,251,102,5,3881.74,12.2
812,257,92,4,7191.36,85.9
813,310,75,6,6964.87,24.4
814,327,106,2,5673.46,62.2
815,209,134,3,1921.23,74.2
816,382,61,3,5616.9,65.0
817,117,9,1,2235.36,58.8
818,87,99,1,4013.32,86.3
819,46,48,4,5313.41,53.2
820,33,87,6,7389.32,90.7
821,606,88,4,5833.71,62.2
822,59,74,2,6882.26,93.8
823,587,98,5,3791.93,99.3
824,16,71,5,775.74,25.0
825,346,71,7,2957.39,65.9
826,623,146,1,5320.13,83.6
827,455,3,-8,3784.87,96.6
828,570,149,4,7516.79,27.6
829,322,67,2,6151.22,27.6
830,131,38,4,6982.79,65.6
831,671,130,1,6898.51,58.0
832,234,67,1,7804.73,1.6
833,362,90,1,962.39,50.7
834,80,147,4,3033.74,82.3
835,658,37,7,295.09,60.7
836,418,76,6,5013.14,16.0
837,154,55,1,6483.47,51.1
838,521,97,6,6662.74,3.3
839,391,58,2,4566.68,99.8
840,429,136,2,6405.82,60.7
841,533,50,8,6704.47,29.3
842,249,81,6,6010.69,11.5
843,420,144,6,4094.58,91.5
844,620,108,4,1915.13,82.8
845,551,105,4,5425.43,66.6
846,294,21,6,3327.17,50.5
847,507,117,4,222.55,12.1
848,568,33,8,6968.72,83.4
850,412,31,4,2760.79,82.5
851,624,12,2,682.65,92.1
852,419,112,8,2385.4,47.7
853,188,2,2,4789.07,37.0
854,389,131,6,5808.01,27.9
855,238,13,5,4556.64,89.7
856,437,82,5,6082.67,95.4
857,216,148,7,7048.71,31.4
858,170,125,2,3567.44,88.5
859,266,72,2,1213.92,20.7
860,173,11,1,7682.87,54.0
861,7,7,8,3019.37,28.2
862,437,117,8,2430.04,11.0
863,123,127,8,2178.15,86.5
864,685,21,2,5979.79,22.2
865,161,132,6,5409.44,7.4
866,40,134,7,2608.46,84.1
867,642,3,1,2042.72,58.6
868,226,39,4,3927.61,18.7
869,135,23,4,7611.58,85.7
870,4,143,7,4928.62,71.0
871,270,61,7,5137.95,48.4
872,185,75,5,5377.01,49.0
873,613,76,6,862.61,11.2
874,295,84,7,2054.43,42.5
875,327,102,2,5668.07,77.4
876,501,8,7,2398.35,50.7
877,419,83,1,2166.68,31.8
878,453,14,7,2219.71,72.8
879,47,57,5,4622.8,16.7
880,641,85,2,1120.8,54.0
881,22,86,7,7306.61,76.7
882,671,93,1,4330.23,98.5
883,406,42,4,7294.16,33.2
884,255,6,1,6065.46,52.7
885,497,78,1,291.53,63.2
886,35,97,5,5276.68,13.1
887,277,130,2,5804.69,76.2
888,16,101,3,1634.84,60.6
889,332,6,7,2487.02,45.9
890,672,110,8,835.19,96.7
891,495,137,5,4102.09,38.2
892,404,28,6,3672.94,57.8
894,646,44,2,1740.69,94.2
895,86,122,3,4234.9,84.0
896,61,80,8,5950.04,83.4
897,579,69,7,5554.14,75.5
898,559,61,8,2642.52,70.9
899,84,20,2,3067.92,75.7
900,125,30,3,408.59,42.4
901,538,141,8,3403.36,0.9
902,302,96,5,4554.1,16.6
903,210,65,6,3829.67,21.1
904,139,122,3,177.59,41.6
905,69,49,1,1674.21,9.4
906,97,41,1,627.5,63.6
907,354,71,1,2345.08,91.2
908,314,104,6,7481.03,56.1
909,208,27,2,5872.2,28.0
910,105,99,3,2708.27,77.2
911,284,1,8,6288.58,98.9
912,630,122,3,7009.45,32.3
913,54,113,3,3460.71,47.2
914,121,97,4,6213.97,70.6
915,535,55,6,7647.34,94.5
916,147,126,7,5591.29,25.1
917,446,94,6,6857.44,77.1
918,435,49,4,3121.41,17.9
919,11,135,4,1639.62,58.6
920,378,4,5,4893.52,3.4
921,491,65,7,2265.97,5.7
922,32,117,8,3973.37,47.3
923,559,8,2,4942.07,71.3
924,182,31,3,542.78,63.7
925,100,50,5,5275.33,73.7
926,689,44,6,7255.23,58.7
927,529,104,1,3389.39,66.8
928,198,22,3,1463.42,4.5
929,518,1,7,2558.2,56.1
930,478,119,2,796.48,91.8
931,89,6,3,6157.11,78.9
932,384,64,8,2531.48,68.1
933,196,98,3,5676.72,17.8
934,324,49,7,2255.12,19.9
935,266,126,8,2905.71,36.4
936,536,44,8,390.18,83.5
937,551,112,4,2840.68,81.1
938,213,129,6,4457.73,74.3
939,526,120,4,2160.68,92.2
940,647,120,3,4735.88,37.2
941,603,27,1,5072.83,86.9
943,560,113,3,6492.85,45.6
944,446,63,7,2095.34,37.3
945,695,60,7,6129.07,90.1
946,432,148,7,3265.93,2.9
947,308,146,4,6039.62,13.0
948,56,37,2,6431.77,45.9
949,1,45,3,2480.13,8.0
950,209,63,7,1317.69,55.5
951,6,26,8,3819.33,68.7
952,484,63,7,6128.14,9.6
953,137,73,7,6576.35,73.0
954,404,7,2,1851.38,60.9
955,378,1,6,4923.48,75.2
956,662,49,4,449.56,30.2
957,394,73,3,2557.63,67.5
958,268,102,7,5490.48,83.4
959,85,26,6,5281.36,40.4
960,165,130,6,3133.52,45.5
961,687,14,7,2493.34,25.9
962,619,122,8,5724.99,84.4
963,115,137,3,6100.93,87.0
964,8,67,6,1661.14,81.3
965,466,73,7,414.77,86.8
966,52,87,6,5432.47,76.7
968,611,10,2,4297.02,39.6
969,548,38,2,5100.07,43.1
970,470,135,4,4595.64,4.1
971,40,26,3,3117.11,98.0
972,653,6,5,1553.05,74.7
973,82,50,7,4610.07,99.5
974,553,13,4,3056.47,47.3
975,448,48,5,2287.15,67.1
976,186,105,5,1736.38,78.2
977,282,82,5,867.47,22.5
978,227,118,2,4744.52,63.5
979,399,4,8,2809.31,32.0
980,156,128,8,1764.04,69.8
981,262,147,7,7745.02,63.1
982,354,136,2,3016.61,29.2
983,691,150,-8,1417.2,35.2
984,24,126,5,7918.47,37.5
985,388,56,2,1769.31,11.1
986,163,91,7,6035.12,41.8
987,328,82,6,4068.21,53.3
988,414,74,8,6626.49,44.9
989,182,137,7,6655.94,76.3
990,700,108,2,7796.55,41.0
991,634,129,4,7991.39,60.0
992,24,43,6,4597.52,47.2
993,380,100,1,4461.25,86.3
994,166,62,8,1484.17,93.7
995,331,8,3,1735.36,46.1
996,618,46,8,7785.16,50.0
997,619,41,6,2034.42,72.2
998,34,121,7,6911.13,7.0
999,267,137,2,5746.64,43.9
1000,62,11,5,2970.65,71.7
1001,666,32,8,918.62,84.7
1002,594,94,2,3361.86,34.0
1003,495,85,4,5172.08,7.4
1004,504,88,4,2432.81,44.5
1005,265,36,5,1269.39,28.8
1006,380,79,6,7563.86,15.8
1007,487,40,8,5975.49,69.5
1008,300,59,7,321.24,21.2
1009,599,131,1,5989.11,99.6
1010,634,40,3,4738.37,50.1
1011,388,135,8,3908.21,48.4
1012,685,80,2,1730.79,15.0
1013,123,118,4,4598.32,63.9
1015,338,137,2,6788.18,53.8
1016,58,64,8,2033.07,79.7
1017,667,117,4,1501.7,97.9
1018,285,17,2,7258.51,13.3
1019,213,149,4,3870.53,9.8
1020,53,19,6,1651.76,11.6
1021,203,56,2,4826.52,30.0
1023,630,65,8,6061.03,60.1
1024,181,132,6,2341.67,64.5
1025,545,144,4,4074.19,62.6
1026,187,131,-8,3817.0,16.3
1027,443,114,5,2805.21,68.7
1028,199,55,2,2526.88,30.5
1029,484,54,2,4610.97,15.5
1030,406,41,3,2672.88,51.6
1031,610,69,7,1906.92,26.3
1032,311,86,6,5841.01,82.9
1033,316,107,7,144.81,94.0
1034,419,36,6,7802.39,76.7
1036,392,52,6,6400.05,61.8
1037,281,42,2,2671.32,48.0
1038,482,100,1,5533.63,90.9
1039,287,15,7,5153.07,27.6
1040,292,19,2,2663.91,77.5
1041,156,147,3,1679.96,8.8
1042,587,75,5,5547.6,14.0
1043,322,115,6,6003.46,21.5
1044,234,51,8,5453.58,70.4
1045,24,106,3,3475.91,80.6
1046,542,132,1,3050.45,56.6
1047,517,126,6,2332.91,33.4
1048,78,29,2,4300.92,79.9
1049,90,49,8,6040.07,76.7
1050,284,39,8,5238.51,7.3
1051,348,111,8,7126.24,40.1
1052,639,58,-7,2646.84,15.0
1053,599,52,6,6182.43,57.4
1054,591,38,3,1728.54,18.2
1056,236,42,4,3451.84,27.1
1057,223,113,-6,1072.57,94.8
1059,605,45,2,4102.96,57.8
1060,167,126,4,5951.07,35.8
1061,426,24,4,6418.35,36.0
1062,115,98,-8,6446.95,40.0
1063,364,17,6,3529.78,84.8
1064,87,5,7,7615.34,27.5
1065,332,64,1,1501.13,0.9
1066,144,16,8,4810.02,21.0
1067,301,41,6,3411.99,17.5
1068,156,29,3,6313.8,3.0
1069,414,68,6,5013.12,2.8
1071,613,4,3,2854.46,22.3
1072,68,119,2,7868.61,85.6
1073,138,121,1,7206.44,25.7
1074,553,25,6,3874.54,74.9
1075,201,34,3,6463.04,14.3
1076,98,27,7,2073.25,25.1
1077,309,119,6,5380.02,52.0
1078,274,96,3,5323.49,57.9
1079,36,51,7,7838.29,1.4
1080,244,3,3,4619.49,48.4
1081,644,55,7,3680.23,26.3
1082,287,48,6,2116.75,80.7
1083,563,88,8,6129.83,26.3
1084,437,33,1,847.21,97.5
1085,124,89,5,2525.54,43.6
1086,85,131,3,1639.54,84.0
1087,18,91,4,4252.04,78.0
1088,544,93,1,4361.71,69.4
1089,171,43,6,5115.77,85.9
1090,156,72,7,486.41,96.9
1091,400,120,7,2643.18,72.2
1092,77,80,5,1749.16,73.3
1093,69,36,1,1235.95,82.2
1094,249,108,7,3188.9,19.3
1095,73,71,4,1209.48,40.1
1096,600,37,3,5410.68,76.1
1098,555,88,8,7014.36,94.9
1099,262,110,2,4721.33,87.6
1100,499,27,5,799.73,73.2
1101,372,127,4,6710.0,96.3
1102,654,72,2,6754.37,73.2
1103,656,65,6,7866.38,8.3
1104,498,57,4,4769.57,66.6
1105,500,98,7,432.6,10.8
1106,659,31,2,7737.16,23.9
1107,619,11,7,2843.71,78.8
1108,588,111,1,5385.64,2.6
1109,25,106,6,6434.97,72.9
1110,260,89,6,2883.79,96.6
1111,49,68,6,6172.03,16.1
1112,561,90,6,6269.65,17.2
1113,92,138,6,5944.89,83.6
1114,314,24,2,5151.67,31.3
1115,191,125,7,2869.69,80.6
1116,164,29,3,1599.34,31.1
1117,658,138,5,1505.47,61.8
1118,96,104,2,6832.45,14.6
1119,363,99,7,918.65,95.6
1120,301,58,2,3596.03,4.1
1121,684,58,-5,6682.66,98.3
1122,232,56,8,1248.48,29.7
1123,627,107,8,4494.95,99.8
1124,191,100,7,5999.66,70.7
1125,270,61,7,2629.22,35.7
1126,138,64,6,6384.9,57.9
1127,520,27,8,6477.3,60.4
1128,661,148,4,6709.25,46.0
1129,606,44,7,274.71,44.8
1130,356,38,8,603.84,35.4
1131,283,8,5,5737.54,49.1
1132,137,116,7,2547.62,69.7
1133,239,139,7,7843.41,58.7
1134,625,92,1,4740.84,77.5
1135,66,50,7,2065.52,60.2
1136,184,127,-3,5856.47,33.2
1137,414,98,7,5601.68,13.9
1138,99,111,5,7044.61,50.0
1139,412,21,4,2783.79,75.2
1140,21,16,1,5493.41,9.5
1142,384,49,2,5128.21,49.8
1143,354,40,2,4837.77,57.4
1144,182,114,3,339.7,3.9
1145,124,28,5,2857.53,18.0
1146,103,40,8,7979.0,92.0
1147,675,30,7,5382.77,6.5
1148,145,126,4,1587.89,40.4
1149,492,24,2,5341.75,32.1
1150,589,52,7,2332.24,13.5
1151,300,97,7,750.87,2.4
1152,575,79,8,4031.16,78.6
1153,57,23,1,2526.25,58.7
1154,556,13,3,4320.91,4.7
1155,193,14,6,6607.59,68.4
1156,521,12,3,7294.23,9.9
1157,227,53,6,4012.67,57.1
1158,47,30,7,7402.07,0.5
1159,339,59,3,3037.09,83.8
1160,146,67,4,7067.36,42.3
1161,642,70,5,3332.71,1.0
1162,387,49,5,6552.12,48.8
1163,642,115,7,1118.22,68.9
1164,118,126,2,625.35,53.7
1165,263,74,7,2349.17,57.0
1166,123,52,7,7606.65,55.5
1167,131,28,1,980.11,3.8
1168,86,95,2,3561.06,14.3
1169,43,82,4,445.69,1.4
1170,257,52,3,7222.35,5.6
1171,299,50,2,2753.52,72.1
1173,326,17,1,3338.4,53.4
1174,174,37,6,7222.0,68.4
1176,578,122,-2,7503.97,64.5
1177,631,61,7,5494.76,61.3
1178,652,40,8,3688.36,87.9
1179,294,100,3,7993.21,88.2
1180,22,37,7,436.18,41.0
1181,233,91,7,1744.0,40.6
1182,472,100,8,3761.79,33.8
1183,137,49,4,4590.25,94.8
1184,634,141,6,6913.27,79.2
1185,315,121,4,958.34,65.2
1186,639,56,7,2767.7,89.0
1187,530,114,7,288.3,20.6
1188,177,145,5,6177.0,64.1
1189,203,120,3,2041.02,73.8
1190,499,136,6,5909.01,87.6
1191,67,14,-2,2718.92,9.0
1192,366,55,4,2529.74,6.6
1193,324,45,8,2388.95,10.1
1194,156,137,3,7290.83,41.0
1195,644,72,8,5550.71,90.4
1196,680,25,3,6069.82,13.6
1197,389,6,8,4730.79,98.8
1198,452,6,3,7765.34,94.7
1199,348,18,2,1500.16,62.4
1200,154,51,2,7696.44,32.1
1201,86,127,6,226.05,89.1
1202,174,50,6,4156.04,98.2
1203,25,43,8,510.89,23.9
1204,460,70,7,6024.98,76.0
1205,83,34,6,6989.12,92.7
1207,689,86,5,2997.67,51.3
1208,435,34,7,7548.96,71.9
1209,501,116,5,7358.33,8.5
1210,327,33,-2,6469.19,10.7
1211,383,61,2,6253.13,86.4
1213,472,28,6,4939.26,5.6
1214,84,24,3,130.34,79.2
1215,52,136,2,1621.84,81.8
1216,508,16,3,3595.88,50.8
1217,203,139,5,4645.93,18.9
1218,78,83,4,6074.66,22.8
1219,607,130,5,5160.7,21.8
1220,354,65,4,2323.45,16.1
1221,506,16,6,4996.78,81.8
1222,457,23,1,2615.34,77.1
1223,698,82,2,3661.22,74.2
1224,512,81,5,4412.74,74.5
1225,175,105,1,3773.06,46.2
1226,413,119,8,3672.19,14.2
1227,430,82,1,3113.51,87.0
1228,375,45,1,1293.21,94.6
1229,17,70,7,2764.79,2.2
1230,311,125,5,4893.92,49.9
1231,164,16,8,2891.62,10.6
1232,489,133,5,7552.37,80.4
1233,14,87,5,5080.63,68.4
1234,125,88,3,5825.58,80.7
1235,379,115,8,3023.07,24.6
1236,240,122,6,6315.77,55.5
1237,340,83,4,6274.6,57.2
1238,608,64,4,3959.84,47.0
1240,618,100,5,6241.72,79.1
1241,147,16,6,3842.6,22.3
1243,550,49,4,7666.03,59.8
1244,63,130,4,2331.4,79.1
1245,12,37,5,2439.22,2.9
1246,432,38,2,3628.81,38.2
1247,455,71,6,3701.95,19.8
1248,292,83,3,7653.23,12.4
1249,566,81,8,6671.25,37.5
1251,332,15,1,5809.94,71.4
1252,70,134,3,1390.72,71.4
1253,369,106,6,2814.23,7.0
1254,64,102,7,5587.23,54.8
1255,213,67,8,1896.43,5.7
1256,25,58,1,3881.68,4.2
1257,157,83,3,3161.45,63.4
1258,523,107,5,4445.25,4.0
1259,214,2,4,2860.11,8.1
1260,522,39,3,4336.22,91.5
1261,289,131,5,3168.52,83.5
1262,263,67,6,3201.8,65.0
1263,457,29,7,429.11,80.5
1264,211,77,4,6680.14,67.4
1265,311,59,6,4578.09,88.4
1266,524,56,1,6653.74,86.0
1267,398,101,6,4854.32,16.5
1268,575,64,5,713.63,10.7
1270,582,95,3,1800.94,19.1
1271,382,6,2,2450.01,3.5
1272,146,53,5,1050.57,63.7
1273,32,29,8,780.15,23.5
1274,594,145,5,3889.83,73.1
1275,67,8,7,393.57,43.2
1276,180,12,1,5287.22,95.9
1277,289,69,8,292.86,27.2
1278,241,12,8,7000.81,83.5
1279,501,13,4,2363.49,8.8
1280,484,96,3,5836.97,54.1
1281,655,149,6,3274.06,46.7
1282,300,127,3,5438.11,40.8
1283,89,86,5,7405.28,64.5
1284,553,88,3,4100.19,86.0
1285,614,41,6,6823.67,57.4
1286,211,108,7,7057.71,99.1
1287,533,66,2,7482.59,66.5
1288,233,84,6,5881.65,79.7
1289,405,90,7,6023.63,68.8
1290,232,49,8,5757.99,89.3
1291,111,19,8,5590.01,30.7
1292,311,25,4,7617.25,19.1
1294,367,77,-7,2811.04,37.5
1295,635,11,8,5465.03,97.7
1296,360,122,1,6903.28,38.4
1297,101,90,7,7598.07,68.5
1298,390,23,1,3851.49,54.4
1299,647,87,2,2006.89,98.4
1300,318,106,8,850.13,68.4
1301,692,114,1,645.89,18.1
1302,579,138,7,5264.25,4.9
1303,530,116,8,2417.78,16.3
1304,340,40,7,7751.66,7.7
1305,256,46,1,6202.46,4.4
1306,349,114,8,6486.51,94.8
1307,169,145,3,287.06,49.6
1308,441,95,1,5115.17,10.6
1309,286,109,7,628.81,8.7
1310,681,130,6,7362.27,90.7
1311,124,147,1,1575.65,19.7
1312,560,123,6,627.87,79.0
1313,424,60,2,1699.33,30.0
1314,401,131,1,6325.89,11.3
1315,600,36,1,2624.28,24.4
1316,219,123,4,3882.0,9.9
1317,649,33,2,6876.98,14.5
1318,490,64,2,5052.83,41.4
1319,231,111,5,438.98,32.0
1320,198,58,6,6014.01,12.7
1321,522,41,7,2006.59,52.1
1322,77,107,7,624.04,8.5
1323,150,101,1,2318.58,65.0
1324,350,84,5,7362.68,85.5
1325,500,144,7,7395.29,60.5
1326,588,24,3,5562.25,97.5
1327,632,69,2,7479.87,87.5
1328,234,83,6,7267.02,56.6
1329,314,133,4,5441.19,27.9
1330,686,36,4,6437.73,68.8
1331,371,119,6,4695.82,17.3
1332,299,87,4,1546.31,64.7
1333,252,70,7,7466.62,45.9
1334,261,97,2,6523.6,98.4
1336,524,14,7,7854.46,62.8
1337,111,81,8,1043.61,18.1
1338,56,72,1,948.95,53.5
1339,99,146,7,573.05,11.1
1340,284,60,5,1841.46,60.4
1341,566,39,6,281.34,58.4
1342,176,5,7,7640.34,9.1
1343,277,64,8,6778.52,22.1
1344,170,72,3,948.36,23.9
1345,594,60,7,892.9,8.2
1346,454,99,3,6819.63,75.1
1348,22,100,8,6721.93,60.7
1349,80,104,7,1736.33,31.4
1350,255,98,5,4843.44,47.0
1352,354,126,6,3546.71,44.5
1353,448,69,5,2996.1,99.7
1354,173,133,4,4832.93,81.0
1355,391,59,6,810.78,91.6
1356,567,135,1,7462.88,45.3
1357,447,48,5,1909.8,31.2
1358,238,147,2,5271.51,78.4
1359,181,109,5,7169.88,23.6
1360,201,26,2,2225.45,78.3
1361,474,40,6,4315.89,18.7
1362,334,132,3,6525.12,50.1
1363,404,121,3,1331.68,13.2
1364,377,117,5,1483.65,11.0
1365,656,97,1,1173.64,28.7
1366,502,104,7,7121.46,46.7
1367,533,148,6,5775.01,74.9
1368,537,128,7,1097.29,3.6
1369,377,106,5,3122.32,30.0
1371,605,78,3,3231.25,14.2
1372,450,120,5,5731.83,37.2
1373,134,63,7,7587.03,89.7
1374,303,120,6,7284.2,88.7
1375,80,132,5,4457.69,4.1
1376,491,50,2,2551.7,50.7
1378,534,104,-6,2738.92,61.3
1379,335,133,5,4726.41,88.4
1380,444,141,1,5856.45,56.6
1381,158,113,7,5878.45,63.5
1382,202,71,2,3215.76,4.2
1383,137,50,4,3398.95,82.6
1384,561,54,5,104.48,6.6
1385,272,57,8,3799.62,98.1
1386,506,118,2,6512.35,34.3
1387,382,67,8,4658.64,54.8
1388,339,134,6,5492.55,80.6
1389,252,112,4,3918.83,32.8
1390,511,77,7,6433.22,25.8
1391,569,57,4,7057.89,24.9
1392,101,103,6,3412.4,33.1
1393,167,17,8,6222.23,92.6
1394,416,122,7,7829.03,33.4
1395,316,126,4,7429.9,39.6
1396,441,43,4,2755.28,59.8
1397,85,3,2,1285.37,42.9
1398,664,1,3,3822.54,3.3
1399,376,23,6,419.4,89.3
1400,40,1,2,6589.3,19.2
1401,401,75,8,4961.94,52.6
1402,292,67,3,1343.41,77.6
1403,509,9,4,3207.81,33.9
1404,485,131,8,2520.55,65.3
1405,429,80,4,5363.42,21.1
1406,159,31,1,1266.67,99.8
1407,76,82,5,4676.24,71.9
1408,126,54,5,7175.16,65.6
1409,401,13,4,347.9,85.3
1410,192,102,8,6291.43,86.3
1411,335,146,7,6958.26,18.4
1412,169,125,5,7016.62,33.5
1413,144,127,4,7660.79,90.7
1414,428,93,1,5719.79,80.0
1415,3,129,2,1693.53,14.8
1416,518,136,5,7949.69,61.2
1417,446,141,1,2392.53,99.7
1418,292,17,-6,3848.69,87.8
1419,624,58,4,3649.24,30.0
1420,40,149,4,2107.72,26.5
1421,42,116,4,1987.94,0.2
1422,78,140,5,7525.34,1.6
1423,656,14,5,4023.42,58.0
1424,566,61,5,7412.47,38.9
1425,182,110,-4,729.45,64.7
1426,22,67,2,1435.28,29.2
1427,166,42,7,2955.29,76.5
1428,556,40,2,6998.45,85.3
1430,125,124,8,5377.19,27.8
1431,95,49,6,4407.91,25.0
1433,548,90,4,335.33,85.4
1434,443,104,2,1777.64,19.0
1435,601,59,2,6692.64,93.4
1436,571,95,8,1672.99,4.2
1437,4,96,-6,5224.86,41.6
1438,323,25,8,4797.72,56.1
1439,140,142,8,5834.64,34.1
1440,34,138,6,6595.1,29.3
1441,57,36,5,5597.66,81.6
1442,288,20,6,7803.52,36.4
1443,308,73,-7,2689.26,71.2
1444,538,25,2,7799.65,76.8
1445,127,150,3,6422.94,23.2
1446,564,141,2,7488.15,87.0
1447,566,104,5,6043.19,4.1
1448,431,69,2,5954.65,13.7
1449,603,123,1,435.95,81.0
1450,110,144,5,7170.69,24.8
1451,190,5,2,3815.49,72.9
1452,699,2,4,5483.15,87.5
1453,193,16,8,3494.81,61.3
1454,541,104,5,7792.4,41.2
1455,276,32,4,5684.54,25.5
1456,2,49,2,5999.61,69.1
1457,657,64,2,1146.34,4.0
1458,48,35,2,7725.24,27.7
1459,3,4,4,3365.51,34.1
1460,151,84,2,7820.28,37.9
1461,282,38,8,1733.57,35.3
1462,679,71,4,3555.86,25.2
1463,163,16,1,6011.76,52.4
1464,114,72,5,1498.77,76.9
1465,543,90,2,2495.25,22.4
1466,283,70,8,1367.62,22.1
1467,18,99,4,1829.1,94.9
1468,149,95,2,4224.02,69.0
1469,675,6,5,597.45,95.7
1470,290,143,5,6861.22,57.4
1471,188,1,8,1277.86,2.0
1472,568,1,7,3900.05,18.7
1473,436,70,5,4730.92,62.9
1474,617,121,6,5034.49,89.0
1475,345,62,6,4306.64,49.3
1476,576,27,1,4564.76,13.7
1477,45,137,4,7968.05,7.3
1478,562,57,8,5930.39,21.8
1479,263,105,1,1050.19,28.0
1480,461,61,4,4933.01,9.4
1481,613,71,4,4374.49,65.7
1482,7,56,8,6386.21,88.7
1483,516,72,4,100.73,69.6
1484,464,25,-3,7847.57,57.2
1485,198,60,3,5926.05,73.2
1486,215,118,4,584.07,44.9
1487,33,53,2,2996.48,75.7
1488,443,41,3,3842.47,0.8
1489,546,108,3,957.34,76.4
1490,158,59,7,5627.53,16.6
1491,569,41,6,6647.33,59.4
1492,221,114,8,2305.49,26.0
1493,21,97,4,6203.21,46.5
1494,596,33,2,7216.56,23.0
1495,116,149,8,5728.35,81.7
1496,185,62,4,7273.21,50.8
1497,76,22,4,2778.98,53.8
1498,341,12,3,3478.99,85.0
1499,226,114,2,664.34,72.1
1500,330,71,8,7942.74,33.8
